-- phpMyAdmin SQL Dump
-- version 4.6.5.2
-- https://www.phpmyadmin.net/
--
-- Host: 127.0.0.1
-- Generation Time: Nov 23, 2017 at 01:34 PM
-- Server version: 10.1.21-MariaDB
-- PHP Version: 5.6.30

SET SQL_MODE = "NO_AUTO_VALUE_ON_ZERO";
SET time_zone = "+00:00";


/*!40101 SET @OLD_CHARACTER_SET_CLIENT=@@CHARACTER_SET_CLIENT */;
/*!40101 SET @OLD_CHARACTER_SET_RESULTS=@@CHARACTER_SET_RESULTS */;
/*!40101 SET @OLD_COLLATION_CONNECTION=@@COLLATION_CONNECTION */;
/*!40101 SET NAMES utf8mb4 */;

--
-- Database: `klequaters`
--

-- --------------------------------------------------------

--
-- Table structure for table `add_bed`
--

CREATE TABLE `add_bed` (
  `id` int(11) NOT NULL,
  `code` varchar(50) NOT NULL,
  `quarter_code` varchar(50) NOT NULL,
  `bed` varchar(50) NOT NULL,
  `reg_date` varchar(15) NOT NULL,
  `flag` varchar(10) NOT NULL
) ENGINE=InnoDB DEFAULT CHARSET=latin1 ROW_FORMAT=COMPACT;

--
-- Dumping data for table `add_bed`
--

INSERT INTO `add_bed` (`id`, `code`, `quarter_code`, `bed`, `reg_date`, `flag`) VALUES
(1, '1000', '1000', '', '10/20/2017', 'used'),
(2, '1001', '1001', '3', '10/20/2017', 'used'),
(3, '1002', '1002', '3', '10/20/2017', 'used'),
(4, '1003', '1003', '3', '10/20/2017', 'used'),
(5, '1004', '1004', '3', '10/20/2017', 'used'),
(6, '1005', '1005', '3', '10/20/2017', 'used'),
(7, '1006', '1006', '3', '10/20/2017', 'used'),
(8, '1007', '1007', '2', '10/20/2017', 'used'),
(9, '1008', '1008', '2', '10/20/2017', 'used'),
(10, '1009', '1009', '3', '10/20/2017', 'used'),
(11, '1010', '1010', '3', '10/20/2017', 'used'),
(12, '1011', '1011', '3', '10/20/2017', 'used'),
(13, '1012', '1012', '3', '10/20/2017', 'used'),
(14, '1013', '1013', '3', '10/20/2017', 'used'),
(15, '1014', '1014', '3', '10/20/2017', 'used'),
(16, '1015', '1015', '3', '10/20/2017', 'used'),
(17, '1016', '1016', '3', '10/20/2017', 'used'),
(18, '1017', '1017', '3', '10/20/2017', 'used'),
(19, '1018', '1018', '3', '10/20/2017', 'used'),
(20, '1019', '1019', '2', '10/20/2017', 'used'),
(21, '1020', '1020', '2', '10/20/2017', ''),
(22, '1021', '1021', '3', '10/20/2017', 'used'),
(23, '1022', '1022', '2', '10/20/2017', 'used'),
(24, '1023', '1023', '3', '10/20/2017', 'used'),
(25, '1024', '1024', '2', '10/20/2017', 'used'),
(26, '1025', '1025', '3', '10/20/2017', ''),
(27, '1026', '1026', '3', '10/20/2017', 'used'),
(28, '1027', '1027', '3', '10/20/2017', 'used'),
(29, '1028', '1028', '3', '10/20/2017', 'used'),
(30, '1029', '1029', '2', '10/20/2017', 'used'),
(31, '1030', '1030', '3', '10/20/2017', 'used'),
(32, '1031', '1031', '2', '10/20/2017', 'used'),
(33, '1032', '1032', '2', '10/20/2017', ''),
(34, '1033', '1033', '2', '10/20/2017', 'used'),
(35, '1034', '1034', '2', '10/20/2017', 'used'),
(36, '1035', '1035', '2', '10/20/2017', 'used'),
(37, '1036', '1036', '2', '10/20/2017', ''),
(38, '1037', '1037', '2', '10/20/2017', 'used'),
(39, '1038', '1038', '2', '10/20/2017', 'used'),
(40, '1039', '1039', '2', '10/20/2017', 'used'),
(41, '1040', '1040', '2', '10/20/2017', 'used'),
(42, '1041', '1041', '2', '10/20/2017', 'used'),
(43, '1042', '1042', '', '10/20/2017', ''),
(44, '1043', '1043', '2', '10/20/2017', 'used'),
(45, '1044', '1044', '2', '10/20/2017', 'used'),
(46, '1045', '1045', '2', '10/20/2017', 'used'),
(47, '1046', '1046', '2', '10/20/2017', 'used'),
(48, '1047', '1047', '2', '10/20/2017', 'used'),
(49, '1048', '1048', '', '10/20/2017', ''),
(50, '1049', '1049', '2', '10/20/2017', 'used'),
(51, '1050', '1050', '2', '10/20/2017', 'used'),
(52, '1051', '1051', '2', '10/20/2017', 'used'),
(53, '1052', '1052', '2', '10/20/2017', 'used'),
(54, '1053', '1053', '2', '10/20/2017', 'used'),
(55, '1054', '1054', '2', '10/20/2017', 'used'),
(56, '1055', '1055', '2', '10/20/2017', 'used'),
(57, '1056', '1056', '2', '10/20/2017', 'used'),
(58, '1057', '1057', '2', '10/20/2017', 'used'),
(59, '1058', '1058', '2', '10/20/2017', 'used'),
(60, '1059', '1059', '2', '10/20/2017', 'used'),
(61, '1060', '1060', '2', '10/20/2017', 'used'),
(62, '1061', '1061', '2', '10/20/2017', 'used'),
(63, '1062', '1062', '2', '10/20/2017', ''),
(64, '1063', '1063', '2', '10/20/2017', ''),
(65, '1064', '1064', '2', '10/20/2017', 'used'),
(66, '1065', '1065', '2', '10/20/2017', 'used'),
(67, '1066', '1066', '2', '10/20/2017', 'used'),
(68, '1067', '1067', '2', '10/20/2017', 'used'),
(69, '1068', '1068', '2', '10/20/2017', 'used'),
(70, '1069', '1069', '2', '10/20/2017', 'used'),
(71, '1070', '1070', '2', '10/20/2017', 'used'),
(72, '1071', '1071', '2', '10/20/2017', 'used'),
(73, '1072', '1072', '2', '10/20/2017', 'used'),
(74, '1073', '1073', '2', '10/20/2017', 'used'),
(75, '1074', '1074', '2', '10/20/2017', 'used'),
(76, '1075', '1075', '2', '10/20/2017', 'used'),
(77, '1076', '1076', '2', '10/20/2017', 'used'),
(78, '1077', '1077', '2', '10/20/2017', 'used'),
(79, '1078', '1078', '2', '10/20/2017', 'used'),
(80, '1079', '1079', '2', '10/20/2017', 'used'),
(81, '1080', '1080', '2', '10/20/2017', 'used'),
(82, '1081', '1081', '2', '10/20/2017', 'used'),
(83, '1082', '1082', '2', '10/20/2017', 'used'),
(84, '1083', '1083', '3', '10/20/2017', 'used'),
(85, '1084', '1084', '2', '10/20/2017', 'used'),
(86, '1085', '1085', '2', '10/20/2017', 'used'),
(87, '1086', '1086', '2', '10/20/2017', 'used'),
(88, '1087', '1087', '3', '10/20/2017', 'used'),
(89, '1088', '1088', '2', '10/20/2017', 'used'),
(90, '1089', '1089', '2', '10/20/2017', 'used'),
(91, '1090', '1090', '2', '10/20/2017', 'used'),
(92, '1091', '1091', '3', '10/20/2017', 'used'),
(93, '1092', '1092', '2', '10/20/2017', 'used'),
(94, '1093', '1093', '2', '10/20/2017', 'used'),
(95, '1094', '1094', '2', '10/20/2017', 'used'),
(96, '1095', '1095', '3', '10/20/2017', 'used'),
(97, '1096', '1096', '2', '10/20/2017', 'used'),
(98, '1097', '1097', '2', '10/20/2017', 'used'),
(99, '1098', '1098', '2', '10/20/2017', 'used'),
(100, '1099', '1099', '3', '10/20/2017', 'used'),
(101, '1100', '1100', '2', '10/20/2017', 'used'),
(102, '1101', '1101', '2', '10/20/2017', 'used'),
(103, '1102', '1102', '1', '10/20/2017', 'used'),
(104, '1103', '1103', '1', '10/20/2017', 'used'),
(105, '1104', '1104', '1', '10/20/2017', 'used'),
(106, '1105', '1105', '1', '10/20/2017', 'used'),
(107, '1106', '1106', '2', '10/20/2017', 'used'),
(108, '1107', '1107', '2', '10/20/2017', 'used'),
(109, '1108', '1108', '2', '10/20/2017', 'used'),
(110, '1109', '1109', '2', '10/20/2017', 'used'),
(111, '1110', '1110', '2', '10/20/2017', 'used'),
(112, '1111', '1111', '2', '10/20/2017', 'used'),
(113, '1112', '1112', '2', '10/20/2017', 'used'),
(114, '1113', '1113', '2', '10/20/2017', 'used'),
(115, '1114', '1114', '2', '10/20/2017', 'used'),
(116, '1115', '1115', '2', '10/20/2017', 'used'),
(117, '1116', '1116', '2', '10/20/2017', 'used'),
(118, '1117', '1117', '2', '10/20/2017', 'used'),
(119, '1118', '1118', '2', '10/20/2017', 'used'),
(120, '1119', '1119', '2', '10/20/2017', 'used'),
(121, '1120', '1120', '2', '10/20/2017', 'used'),
(122, '1121', '1121', '2', '10/20/2017', 'used'),
(123, '1122', '1122', '1', '10/20/2017', 'used'),
(124, '1123', '1123', '1', '10/20/2017', 'used'),
(125, '1124', '1124', '1', '10/20/2017', 'used'),
(126, '1125', '1125', '1', '10/20/2017', 'used'),
(127, '1126', '1126', '1', '10/20/2017', 'used'),
(128, '1127', '1127', '1', '10/20/2017', 'used'),
(129, '1128', '1128', '1', '10/20/2017', 'used'),
(130, '1129', '1129', '1', '10/20/2017', 'used'),
(131, '1130', '1130', '1', '10/20/2017', 'used'),
(132, '1131', '1131', '1', '10/20/2017', 'used'),
(133, '1132', '1132', '1', '10/20/2017', 'used'),
(134, '1133', '1133', '1', '10/20/2017', 'used'),
(135, '1134', '1134', '1', '10/20/2017', 'used'),
(136, '1135', '1135', '1', '10/20/2017', 'used'),
(137, '1136', '1136', '1', '10/20/2017', 'used'),
(138, '1137', '1137', '1', '10/20/2017', 'used'),
(139, '1138', '1138', '1', '10/20/2017', 'used'),
(140, '1139', '1139', '1', '10/20/2017', 'used'),
(141, '1140', '1140', '1', '10/20/2017', 'used'),
(142, '1141', '1141', '1', '10/20/2017', 'used'),
(143, '1142', '1142', '1', '10/20/2017', 'used'),
(144, '1143', '1143', '1', '10/20/2017', 'used'),
(145, '1144', '1144', '1', '10/20/2017', 'used'),
(146, '1145', '1145', '1', '10/20/2017', 'used'),
(147, '1146', '1146', '1', '10/20/2017', 'used'),
(148, '1147', '1147', '1', '10/20/2017', 'used'),
(149, '1148', '1148', '1', '10/20/2017', 'used'),
(150, '1149', '1149', '1', '10/20/2017', 'used'),
(151, '1150', '1150', '1', '10/20/2017', 'used'),
(152, '1151', '1151', '1', '10/20/2017', 'used'),
(153, '1152', '1152', '1', '10/20/2017', 'used'),
(154, '1153', '1153', '1', '10/20/2017', 'used'),
(155, '1154', '1154', '1', '10/20/2017', 'used'),
(156, '1155', '1155', '1', '10/20/2017', 'used'),
(157, '1156', '1156', '1', '10/20/2017', 'used'),
(158, '1157', '1157', '1', '10/20/2017', 'used'),
(159, '1158', '1158', '1', '10/20/2017', 'used'),
(160, '1159', '1159', '1', '10/20/2017', 'used'),
(161, '1160', '1160', '1', '10/20/2017', 'used'),
(162, '1161', '1161', '1', '10/20/2017', 'used'),
(163, '1162', '1162', '1', '10/20/2017', 'used'),
(164, '1163', '1163', '1', '10/20/2017', 'used'),
(165, '1164', '1164', '1', '10/20/2017', 'used'),
(166, '1165', '1165', '1', '10/20/2017', 'used'),
(167, '1166', '1166', '1', '10/20/2017', 'used'),
(168, '1167', '1167', '1', '10/20/2017', 'used'),
(169, '1168', '1168', '1', '10/20/2017', 'used'),
(170, '1169', '1169', '1', '10/20/2017', 'used'),
(171, '1170', '1170', '1', '10/20/2017', 'used'),
(172, '1171', '1171', '1', '10/20/2017', 'used'),
(173, '1172', '1172', '1', '10/20/2017', 'used'),
(174, '1173', '1173', '1', '10/20/2017', 'used'),
(175, '1174', '1174', '1', '10/20/2017', 'used'),
(176, '1175', '1175', '1', '10/20/2017', 'used'),
(177, '1176', '1176', '1', '10/20/2017', 'used'),
(178, '1177', '1177', '1', '10/20/2017', 'used'),
(179, '1178', '1178', '1', '10/20/2017', 'used'),
(180, '1179', '1179', '1', '10/20/2017', 'used'),
(181, '1180', '1180', '1', '10/20/2017', 'used'),
(182, '1181', '1181', '1', '10/20/2017', 'used'),
(183, '1182', '1182', '1', '10/20/2017', 'used'),
(184, '1183', '1183', '1', '10/20/2017', 'used'),
(185, '1184', '1184', '1', '10/20/2017', 'used'),
(186, '1185', '1185', '1', '10/20/2017', 'used'),
(187, '1186', '1186', '1', '10/20/2017', 'used'),
(188, '1187', '1187', '1', '10/20/2017', 'used'),
(189, '1188', '1188', '1', '10/20/2017', 'used'),
(190, '1189', '1189', '1', '10/20/2017', 'used'),
(191, '1190', '1190', '1', '10/20/2017', 'used'),
(192, '1191', '1191', '1', '10/20/2017', 'used'),
(193, '1192', '1192', '1', '10/20/2017', 'used'),
(194, '1193', '1193', '1', '10/20/2017', 'used'),
(195, '1194', '1194', '1', '10/20/2017', 'used'),
(196, '1195', '1195', '1', '10/20/2017', 'used'),
(197, '1196', '1196', '1', '10/20/2017', 'used'),
(198, '1197', '1197', '1', '10/20/2017', 'used'),
(199, '1198', '1198', '1', '10/20/2017', 'used'),
(200, '1199', '1199', '1', '10/20/2017', 'used'),
(201, '1200', '1200', '1', '10/20/2017', 'used'),
(202, '1201', '1201', '1', '10/20/2017', 'used'),
(203, '1202', '1202', '1', '10/20/2017', 'used'),
(204, '1203', '1203', '1', '10/20/2017', 'used'),
(205, '1204', '1204', '1', '10/20/2017', 'used'),
(206, '1205', '1205', '1', '10/20/2017', 'used'),
(207, '1206', '1206', '1', '10/20/2017', 'used'),
(208, '1207', '1207', '1', '10/20/2017', 'used'),
(209, '1208', '1208', '1', '10/20/2017', 'used'),
(210, '1209', '1209', '1', '10/20/2017', 'used'),
(211, '1210', '1210', '1', '10/20/2017', 'used'),
(212, '1211', '1211', '1', '10/20/2017', 'used'),
(213, '1212', '1212', '1', '10/20/2017', 'used'),
(214, '1213', '1213', '1 Room', '10/20/2017', 'used'),
(215, '1214', '1214', '1 Room', '10/20/2017', 'used'),
(216, '1215', '1215', '1 Room', '10/20/2017', 'used'),
(217, '1216', '1216', '1 Room', '10/20/2017', 'used'),
(218, '1217', '1217', '1 Room', '10/20/2017', ''),
(219, '1218', '1218', '1 Room', '10/20/2017', 'used'),
(220, '1219', '1219', '1 Room', '10/20/2017', 'used'),
(221, '1220', '1220', '1 Room', '10/20/2017', 'used'),
(222, '1221', '1221', '1 Room', '10/20/2017', 'used'),
(223, '1222', '1222', '', '10/20/2017', 'used'),
(224, '1223', '1223', '', '10/20/2017', 'used'),
(225, '1224', '1224', '', '10/20/2017', 'used'),
(226, '1225', '1225', '', '10/20/2017', 'used'),
(227, '1226', '1226', '', '10/20/2017', 'used'),
(228, '1227', '1227', '1 Room', '10/20/2017', 'used');

-- --------------------------------------------------------

--
-- Table structure for table `add_dep`
--

CREATE TABLE `add_dep` (
  `id` int(11) NOT NULL,
  `code` varchar(50) NOT NULL,
  `dep` varchar(100) NOT NULL,
  `reg_date` varchar(15) NOT NULL
) ENGINE=InnoDB DEFAULT CHARSET=latin1 ROW_FORMAT=COMPACT;

--
-- Dumping data for table `add_dep`
--

INSERT INTO `add_dep` (`id`, `code`, `dep`, `reg_date`) VALUES
(1, '100', 'J.N.M.C', '2017-10-20'),
(2, '101', 'KLE Society', '2017-10-20'),
(3, '102', 'KLE University', '2017-10-20'),
(4, '103', 'Pharmacy', '2017-10-20'),
(5, '104', 'USM College', '2017-10-20'),
(6, '105', 'KLE University (Phymacy)', '2017-10-20'),
(7, '106', 'Hospital', '2017-10-20'),
(8, '107', 'Physiotherapy', '2017-10-20'),
(9, '108', 'Nursing', '2017-10-20'),
(10, '109', 'S MUSIC-KLE UNIVERSITY', '2017-10-20'),
(11, '110', 'Dental', '2017-10-20'),
(12, '111', 'Teaching CH Hospital', '2017-10-20'),
(13, '112', 'CH Hospital', '2017-10-20'),
(14, '113', 'J.N.M.C Hostel', '2017-10-20'),
(15, '114', 'MRC Hospital', '2017-10-20'),
(16, '115', 'Teaching Hospital', '2017-10-20');

-- --------------------------------------------------------

--
-- Table structure for table `add_inst`
--

CREATE TABLE `add_inst` (
  `id` int(11) NOT NULL,
  `code` varchar(100) NOT NULL,
  `insitute` varchar(100) NOT NULL,
  `reg_date` varchar(15) NOT NULL
) ENGINE=InnoDB DEFAULT CHARSET=latin1;

--
-- Dumping data for table `add_inst`
--

INSERT INTO `add_inst` (`id`, `code`, `insitute`, `reg_date`) VALUES
(5, '100', 'Pediatrics', '2017-10-20'),
(6, '101', 'Secretary', '2017-10-20'),
(7, '102', 'Neurology', '2017-10-20'),
(8, '103', 'Surgery', '2017-10-20'),
(9, '104', 'Skin', '2017-10-20'),
(10, '105', 'Anatomy', '2017-10-20'),
(11, '106', 'Radiology', '2017-10-20'),
(12, '107', 'Dept Of Medicine (Nephr)', '2017-10-20'),
(13, '108', 'Dept Of Anesthesiology', '2017-10-20'),
(14, '109', 'Physicatrary', '2017-10-20'),
(15, '110', 'Administrator', '2017-10-20'),
(16, '111', 'Physiology', '2017-10-20'),
(17, '112', 'CVTS Dept', '2017-10-20'),
(18, '113', 'Commodore Administrator Security OT Services', '2017-10-20'),
(19, '114', 'Professor', '2017-10-20'),
(23, '115', 'Skin VD', '2017-10-20'),
(24, '116', 'Forensic Med', '2017-10-20'),
(25, '117', 'Pharmacology', '2017-10-20'),
(26, '118', 'Respiratory', '2017-10-20'),
(27, '119', 'Deputy Den', '2017-10-20'),
(28, '120', 'V.C', '2017-10-20'),
(29, '121', 'Special Officier', '2017-10-20'),
(30, '122', 'Jr Consultant ', '2017-10-20'),
(31, '123', 'Dept CTVS', '2017-10-20'),
(32, '124', 'Anastasia', '2017-10-20'),
(33, '125', 'FDC', '2017-10-20'),
(34, '126', '(Civil) Engg Dept', '2017-10-20'),
(35, '127', 'Asst Prof', '2017-10-20'),
(36, '128', 'Nursing', '2017-10-20'),
(37, '129', 'Dept Nuclear Medicine PET-CT', '2017-10-20'),
(38, '130', 'Officer Incharge', '2017-10-20'),
(39, '131', 'Scientist', '2017-10-20'),
(40, '132', 'Engg Dept', '2017-10-20'),
(41, '133', 'Dept Of Histopathology', '2017-10-20'),
(42, '134', 'Ophthamology', '2017-10-20'),
(43, '135', 'Cardiac Ansth', '2017-10-20'),
(44, '136', 'Lecture', '2017-10-20'),
(45, '137', 'Proff Stat Demo', '2017-10-20'),
(46, '138', 'Reader', '2017-10-20'),
(47, '139', 'Dept Of Medi', '2017-10-20'),
(48, '140', 'Dept Of Prostho', '2017-10-20'),
(49, '141', 'Asst Prof Bioche', '2017-10-20'),
(50, '142', 'Asst Medical Sup', '2017-10-20'),
(51, '143', 'Pediatrics Sug', '2017-10-20'),
(52, '144', 'Asst Prof Dept Commedicine', '2017-10-20'),
(53, '145', 'Pharmacy', '2017-10-20'),
(54, '146', 'Labirayn', '2017-10-20'),
(55, '147', 'Asst Prof Pharmacy', '2017-10-20'),
(56, '148', 'Hostel Supervisor', '2017-10-20'),
(57, '149', 'Gastrology', '2017-10-20'),
(58, '150', 'Tutor Dept Anatomy', '2017-10-20'),
(59, '151', 'Perio Dontics', '2017-10-20'),
(60, '152', 'Prosthodontics', '2017-10-20'),
(61, '153', 'PRO', '2017-10-20'),
(62, '154', 'KLE University', '2017-10-20'),
(63, '155', 'Civil Engg', '2017-10-20'),
(64, '156', 'Dept Of Pharmacology', '2017-10-20'),
(65, '157', 'Microbiology', '2017-10-20'),
(66, '158', 'Con Surgicaloncology', '2017-10-20'),
(67, '159', 'Conservative', '2017-10-20'),
(68, '160', 'Preventive Community', '2017-10-20'),
(69, '161', 'Principle', '2017-10-20'),
(70, '162', 'Professor Dept Of Pathology', '2017-10-20'),
(71, '163', 'Reader-Orthdontic', '2017-10-20'),
(72, '164', 'Dept OBG', '2017-10-20'),
(73, '165', 'Head Office', '2017-10-20'),
(75, '166', 'Art & Photo', '2017-10-20'),
(76, '167', 'Record Office', '2017-10-20'),
(77, '168', 'Dharmashala', '2017-10-20'),
(78, '169', 'NICU', '2017-10-20'),
(79, '170', 'X-Ray Techni', '2017-10-20'),
(80, '171', 'Psychiatry', '2017-10-20'),
(81, '172', 'Technician Micro', '2017-10-20'),
(82, '173', 'Staff Nurses', '2017-10-20'),
(83, '174', 'Lab Technician', '2017-10-20'),
(84, '175', 'Technician', '2017-10-20'),
(85, '176', 'Mechanical', '2017-10-20'),
(86, '177', 'SDC', '2017-10-20'),
(87, '178', 'Nursing Supervisor', '2017-10-20'),
(88, '179', 'HRRC Center', '2017-10-20'),
(89, '180', 'Pharmacist', '2017-10-20'),
(90, '181', 'Driver JNMC Office', '2017-10-20'),
(91, '182', 'Receptionist', '2017-10-20'),
(92, '183', 'SDC Optho', '2017-10-20'),
(93, '184', 'Evolve GYM', '2017-10-20'),
(94, '185', 'Biochemecist', '2017-10-20'),
(95, '186', 'Peon', '2017-10-20'),
(96, '187', 'Clerk Admin Dept', '2017-10-20'),
(97, '188', 'Driver', '2017-10-20'),
(98, '189', 'Temple Pujari', '2017-10-20'),
(99, '190', 'Dept Of Physiology (Techni)', '2017-10-20'),
(100, '191', 'Ward Asst', '2017-10-20'),
(101, '192', 'ICU Nursing', '2017-10-20'),
(102, '193', 'Work Inspector', '2017-10-20'),
(103, '194', 'Peon Guest House', '2017-10-20'),
(104, '195', 'ANM Nurse', '2017-10-20'),
(105, '196', 'ITU Nursing', '2017-10-20'),
(106, '197', 'Peon Anatomy', '2017-10-20'),
(107, '198', 'Co-Operative Store', '2017-10-20'),
(108, '199', 'Harmonium Asscom', '2017-10-20'),
(109, '200', 'Hostel', '2017-10-20'),
(110, '201', 'UMKC', '2017-10-20'),
(111, '202', 'Driver/Peon', '2017-10-20'),
(112, '203', 'Ward Boy', '2017-10-20'),
(113, '204', 'Carpenter Engg', '2017-10-20'),
(114, '205', 'Ward Boy (ITU)', '2017-10-20'),
(115, '206', 'Dept Of Engg (Valveman)', '2017-10-20'),
(116, '207', 'SDC Dept Of Medical Edu', '2017-10-20'),
(117, '208', 'Prct Nurses', '2017-10-20'),
(118, '209', 'Peon library', '2017-10-20'),
(119, '210', 'Medicine', '2017-10-20'),
(120, '211', 'Supervisor', '2017-10-20'),
(121, '212', 'Lift Operator', '2017-10-20'),
(122, '213', 'Pathalogy', '2017-10-20'),
(123, '214', 'Dept Of Community Medicine', '2017-10-20'),
(124, '215', 'MRA', '2017-10-20'),
(125, '216', 'Electrical Engg Dept', '2017-10-20'),
(126, '217', 'Sweeper H', '2017-10-20'),
(127, '218', 'Peon Surgery', '2017-10-21');

-- --------------------------------------------------------

--
-- Table structure for table `add_particulars`
--

CREATE TABLE `add_particulars` (
  `id` int(11) NOT NULL,
  `particular_code` varchar(15) NOT NULL,
  `particular` varchar(100) NOT NULL,
  `reg_date` varchar(10) NOT NULL
) ENGINE=InnoDB DEFAULT CHARSET=latin1;

--
-- Dumping data for table `add_particulars`
--

INSERT INTO `add_particulars` (`id`, `particular_code`, `particular`, `reg_date`) VALUES
(1, '1001', 'Chanakya Boys Hostel Mess (Ground Floor)', '25-07-2017'),
(2, '1002', 'Chanakya Boys Hostel Mess (First Floor)', '25-07-2017'),
(3, '1003', 'Charaka Boys Hostel', '25-07-2017'),
(4, '1004', 'NRI Hostel Mess', '25-07-2017'),
(5, '1005', 'Karnatak Boys Hostel Mess', '25-07-2017'),
(6, '1006', 'Sangam Boys Hostel Mess', '25-07-2017'),
(7, '1007', 'Ranichannamma Ladies Hostel Mess', '25-07-2017'),
(8, '1008', 'Neelambika Hostel Mess', '25-07-2017'),
(9, '1009', 'Gangambika Ladies Hostel Mess', '25-07-2017'),
(10, '1010', 'Akkamhadevi Ladies Hostel Mess', '25-07-2017'),
(12, '1012', 'Chanakya Boys Hostel Mess (Ground Floor)', '27-07-2017'),
(13, '1013', 'JNMC Medical College', '27-07-2017'),
(14, '1014', 'College Of Pharmacy', '27-07-2017'),
(15, '1015', 'Institute Of Physiotherapy', '27-07-2017'),
(17, '1017', 'KLE Charitable Hospital', '27-07-2017'),
(18, '1018', 'KLE Vishwanath Katti Institute Of Dental Sciences', '27-07-2017'),
(19, '1019', 'KLES DR PKH & MRC', '27-07-2017'),
(20, '1020', 'Institute Of Nursing Sciences', '27-07-2017'),
(21, '1021', 'Adavayya Swamy QTRS C/8/7', '27-07-2017'),
(22, '1022', 'Suvarna S Halaki-QTR E/2', '27-07-2017'),
(23, '1023', 'Sangappa V Dhaded 2DHARM Shalla QTRE NO-20', '27-07-2017'),
(24, '1024', 'VB Patil 2016-2017 QTRS-A 14/16', '27-07-2017'),
(25, '1025', 'Mahadevi B Naganur (L3)', '27-07-2017'),
(26, '1026', 'Coffee Corner', '27-07-2017'),
(27, '1027', 'Book Stall', '27-07-2017'),
(28, '1028', 'Mens Parlor', '27-07-2017'),
(29, '1029', 'Swamy Bakery', '27-07-2017'),
(30, '1030', 'Cafe JNMC', '27-07-2017'),
(31, '1031', 'Campus Laundry', '27-07-2017'),
(32, '1032', 'Ladies Beauty Parlor', '27-07-2017'),
(33, '1033', 'Botique Shop', '27-07-2017'),
(34, '1034', 'Ladies Hostel Laundry', '27-07-2017'),
(35, '1035', 'Ladies Hostel Fast Food', '27-07-2017'),
(36, '1036', 'Chanakya Boys Hostel Laundry', '27-07-2017'),
(37, '1037', 'Milk Parlour', '27-07-2017'),
(38, '1041', 'GENERAL STORES', '14-09-2017'),
(39, '1042', 'KLE UNIVERSITY ', '03-10-2017'),
(40, '1043', 'Amit kumar A11/05', '06-10-2017'),
(41, '1044', 'GURUNATH R PHADI QTRS  A-13/14', '16-10-2017'),
(42, '1045', '	GURUNATH R PHADI QTRS A-13/14', '13-11-2017');

-- --------------------------------------------------------

--
-- Table structure for table `add_quarter`
--

CREATE TABLE `add_quarter` (
  `id` int(11) NOT NULL,
  `code` varchar(100) NOT NULL,
  `quarter` varchar(100) NOT NULL,
  `reg_date` varchar(15) NOT NULL,
  `flag` varchar(15) NOT NULL
) ENGINE=InnoDB DEFAULT CHARSET=latin1 ROW_FORMAT=COMPACT;

--
-- Dumping data for table `add_quarter`
--

INSERT INTO `add_quarter` (`id`, `code`, `quarter`, `reg_date`, `flag`) VALUES
(1, '1000', 'Principle Qtrs', '10/20/2017', 'used'),
(2, '1001', 'B-1', '10/20/2017', 'used'),
(3, '1002', 'B-1/1', '10/20/2017', 'used'),
(4, '1003', 'B-2', '10/20/2017', 'used'),
(5, '1004', 'B-2/1', '10/20/2017', 'used'),
(6, '1005', 'B-3', '10/20/2017', 'used'),
(7, '1006', 'B-3/1', '10/20/2017', 'used'),
(8, '1007', 'B-4', '10/20/2017', 'used'),
(9, '1008', 'B-4/1', '10/20/2017', 'used'),
(10, '1009', 'B-5', '10/20/2017', 'used'),
(11, '1010', 'B-5/1', '10/20/2017', 'used'),
(12, '1011', 'B-6', '10/20/2017', 'used'),
(13, '1012', 'B-6/1', '10/20/2017', 'used'),
(14, '1013', 'B-7', '10/20/2017', 'used'),
(15, '1014', 'B-7/1', '10/20/2017', 'used'),
(16, '1015', 'B-8', '10/20/2017', 'used'),
(17, '1016', 'B-8/1', '10/20/2017', 'used'),
(18, '1017', 'B-9', '10/20/2017', 'used'),
(19, '1018', 'B-9/1', '10/20/2017', 'used'),
(20, '1019', 'A-1', '10/20/2017', 'used'),
(21, '1020', 'A-1/1', '10/20/2017', 'used'),
(22, '1021', 'A-2', '10/20/2017', 'used'),
(23, '1022', 'A-2/1', '10/20/2017', 'used'),
(24, '1023', 'A-3', '10/20/2017', 'used'),
(25, '1024', 'A-3/1', '10/20/2017', 'used'),
(26, '1025', 'A-4', '10/20/2017', 'used'),
(27, '1026', 'A-5', '10/20/2017', 'used'),
(28, '1027', 'A-6', '10/20/2017', 'used'),
(29, '1028', 'A-7', '10/20/2017', 'used'),
(30, '1029', 'A-7/1', '10/20/2017', 'used'),
(31, '1030', 'A-8', '10/20/2017', 'used'),
(32, '1031', 'A-8/1', '10/20/2017', 'used'),
(33, '1032', 'A-9', '10/20/2017', 'used'),
(34, '1033', 'A-9/1', '10/20/2017', 'used'),
(35, '1034', 'A-10/1', '10/20/2017', 'used'),
(36, '1035', 'A-10/2', '10/20/2017', 'used'),
(37, '1036', 'A-10/3', '10/20/2017', 'used'),
(38, '1037', 'A-10/4', '10/20/2017', 'used'),
(39, '1038', 'A-10/5', '10/20/2017', 'used'),
(40, '1039', 'A-10/6', '10/20/2017', 'used'),
(41, '1040', 'A-11/1', '10/20/2017', 'used'),
(42, '1041', 'A-11/2', '10/20/2017', 'used'),
(43, '1042', 'A-11/3', '10/20/2017', 'used'),
(44, '1043', 'A-11/4', '10/20/2017', 'used'),
(45, '1044', 'A-11/5', '10/20/2017', 'used'),
(46, '1045', 'A-11/6', '10/20/2017', 'used'),
(47, '1046', 'A-12/1', '10/20/2017', 'used'),
(48, '1047', 'A-12/2', '10/20/2017', 'used'),
(49, '1048', 'A-12/3', '10/20/2017', 'used'),
(50, '1049', 'A-12/4', '10/20/2017', 'used'),
(51, '1050', 'A-12/5', '10/20/2017', 'used'),
(52, '1051', 'A-12/6', '10/20/2017', 'used'),
(53, '1052', 'A-12/7', '10/20/2017', 'used'),
(54, '1053', 'A-12/8', '10/20/2017', 'used'),
(55, '1054', 'A-12/9', '10/20/2017', 'used'),
(56, '1055', 'A-12/10', '10/20/2017', 'used'),
(57, '1056', 'A-12/11', '10/20/2017', 'used'),
(58, '1057', 'A-12/12', '10/20/2017', 'used'),
(59, '1058', 'A-12/13', '10/20/2017', 'used'),
(60, '1059', 'A-12/14', '10/20/2017', 'used'),
(61, '1060', 'A-12/15', '10/20/2017', 'used'),
(62, '1061', 'A-12/16', '10/20/2017', 'used'),
(63, '1062', 'A-13/1', '10/20/2017', 'used'),
(64, '1063', 'A-13/2', '10/20/2017', 'used'),
(65, '1064', 'A-13/3', '10/20/2017', 'used'),
(66, '1065', 'A-13/4', '10/20/2017', 'used'),
(67, '1066', 'A-13/5', '10/20/2017', 'used'),
(68, '1067', 'A-13/6', '10/20/2017', 'used'),
(69, '1068', 'A-13/7', '10/20/2017', 'used'),
(70, '1069', 'A-13/8', '10/20/2017', 'used'),
(71, '1070', 'A-13/9', '10/20/2017', 'used'),
(72, '1071', 'A-13/10', '10/20/2017', 'used'),
(73, '1072', 'A-13/11', '10/20/2017', 'used'),
(74, '1073', 'A-13/12', '10/20/2017', 'used'),
(75, '1074', 'A-13/13', '10/20/2017', 'used'),
(76, '1075', 'A-13/14', '10/20/2017', 'used'),
(77, '1076', 'A-13/15', '10/20/2017', 'used'),
(78, '1077', 'A-13/16', '10/20/2017', 'used'),
(79, '1078', 'A-14/1', '10/20/2017', 'used'),
(80, '1079', 'A-14/2', '10/20/2017', 'used'),
(81, '1080', 'A-14/3', '10/20/2017', 'used'),
(82, '1081', 'A-14/4', '10/20/2017', 'used'),
(83, '1082', 'A-14/5', '10/20/2017', 'used'),
(84, '1083', 'A-14/6', '10/20/2017', 'used'),
(85, '1084', 'A-14/7', '10/20/2017', 'used'),
(86, '1085', 'A-14/8', '10/20/2017', 'used'),
(87, '1086', 'A-14/9', '10/20/2017', 'used'),
(88, '1087', 'A-14/10', '10/20/2017', 'used'),
(89, '1088', 'A-14/11', '10/20/2017', 'used'),
(90, '1089', 'A-14/12', '10/20/2017', 'used'),
(91, '1090', 'A-14/13', '10/20/2017', 'used'),
(92, '1091', 'A-14/14', '10/20/2017', 'used'),
(93, '1092', 'A-14/15', '10/20/2017', 'used'),
(94, '1093', 'A-14/16', '10/20/2017', 'used'),
(95, '1094', 'A-14/17', '10/20/2017', 'used'),
(96, '1095', 'A-14/18', '10/20/2017', 'used'),
(97, '1096', 'A-14/19', '10/20/2017', 'used'),
(98, '1097', 'A-14/20', '10/20/2017', 'used'),
(99, '1098', 'A-14/21', '10/20/2017', 'used'),
(100, '1099', 'A-14/22', '10/20/2017', 'used'),
(101, '1100', 'A-14/23', '10/20/2017', 'used'),
(102, '1101', 'A-14/24', '10/20/2017', 'used'),
(103, '1102', 'C-1/1', '10/20/2017', 'used'),
(104, '1103', 'C-1/2', '10/20/2017', 'used'),
(105, '1104', 'C-1/3', '10/20/2017', 'used'),
(106, '1105', 'C-1/4', '10/20/2017', 'used'),
(107, '1106', 'C-2/1', '10/20/2017', 'used'),
(108, '1107', 'C-2/2', '10/20/2017', 'used'),
(109, '1108', 'C-2/3', '10/20/2017', 'used'),
(110, '1109', 'C-2/4', '10/20/2017', 'used'),
(111, '1110', 'C-3/1', '10/20/2017', 'used'),
(112, '1111', 'C-3/2', '10/20/2017', 'used'),
(113, '1112', 'C-3/3', '10/20/2017', 'used'),
(114, '1113', 'C-3/4', '10/20/2017', 'used'),
(115, '1114', 'C-4/1', '10/20/2017', 'used'),
(116, '1115', 'C-4/2', '10/20/2017', 'used'),
(117, '1116', 'C-4/3', '10/20/2017', 'used'),
(118, '1117', 'C-4/4', '10/20/2017', 'used'),
(119, '1118', 'C-5/1', '10/20/2017', 'used'),
(120, '1119', 'C-5/2', '10/20/2017', 'used'),
(121, '1120', 'C-5/3', '10/20/2017', 'used'),
(122, '1121', 'C-5/4', '10/20/2017', 'used'),
(123, '1122', 'C-6/1', '10/20/2017', 'used'),
(124, '1123', 'C-6/2', '10/20/2017', 'used'),
(125, '1124', 'C-6/3', '10/20/2017', 'used'),
(126, '1125', 'C-6/4', '10/20/2017', 'used'),
(127, '1126', 'C-6/5', '10/20/2017', 'used'),
(128, '1127', 'C-6/6', '10/20/2017', 'used'),
(129, '1128', 'C-6/7', '10/20/2017', 'used'),
(130, '1129', 'C-6/8', '10/20/2017', 'used'),
(131, '1130', 'C-6/9', '10/20/2017', 'used'),
(132, '1131', 'C-6/10', '10/20/2017', 'used'),
(133, '1132', 'C-6/11', '10/20/2017', 'used'),
(134, '1133', 'C-6/12', '10/20/2017', 'used'),
(135, '1134', 'C-7/1', '10/20/2017', 'used'),
(136, '1135', 'C-7/2', '10/20/2017', 'used'),
(137, '1136', 'C-7/3', '10/20/2017', 'used'),
(138, '1137', 'C-7/4', '10/20/2017', 'used'),
(139, '1138', 'C-7/5', '10/20/2017', 'used'),
(140, '1139', 'C-7/6', '10/20/2017', 'used'),
(141, '1140', 'C-7/7', '10/20/2017', 'used'),
(142, '1141', 'C-7/8', '10/20/2017', 'used'),
(143, '1142', 'C-7/9', '10/20/2017', 'used'),
(144, '1143', 'C-7/10', '10/20/2017', 'used'),
(145, '1144', 'C-7/11', '10/20/2017', 'used'),
(146, '1145', 'C-7/12', '10/20/2017', 'used'),
(147, '1146', 'C-8/1', '10/20/2017', 'used'),
(148, '1147', 'C-8/2', '10/20/2017', 'used'),
(149, '1148', 'C-8/3', '10/20/2017', 'used'),
(150, '1149', 'C-8/4', '10/20/2017', 'used'),
(151, '1150', 'C-8/5', '10/20/2017', 'used'),
(152, '1151', 'C-8/6', '10/20/2017', 'used'),
(153, '1152', 'C-8/7', '10/20/2017', 'used'),
(154, '1153', 'C-8/8', '10/20/2017', 'used'),
(155, '1154', 'C-8/9', '10/20/2017', 'used'),
(156, '1155', 'C-8/10', '10/20/2017', 'used'),
(157, '1156', 'C-8/11', '10/20/2017', 'used'),
(158, '1157', 'C-8/12', '10/20/2017', 'used'),
(159, '1158', 'D-1/1', '10/20/2017', 'used'),
(160, '1159', 'D-1/2', '10/20/2017', 'used'),
(161, '1160', 'D-1/3', '10/20/2017', 'used'),
(162, '1161', 'D-1/4', '10/20/2017', 'used'),
(163, '1162', 'D-2/1', '10/20/2017', 'used'),
(164, '1163', 'D-2/2', '10/20/2017', 'used'),
(165, '1164', 'D-2/3', '10/20/2017', 'used'),
(166, '1165', 'D-2/4', '10/20/2017', 'used'),
(167, '1166', 'D-3/1', '10/20/2017', 'used'),
(168, '1167', 'D-3/2', '10/20/2017', 'used'),
(169, '1168', 'D-3/3', '10/20/2017', 'used'),
(170, '1169', 'D-3/4', '10/20/2017', 'used'),
(171, '1170', 'D-3/5', '10/20/2017', 'used'),
(172, '1171', 'D-3/6', '10/20/2017', 'used'),
(173, '1172', 'D-3/7', '10/20/2017', 'used'),
(174, '1173', 'D-3/8', '10/20/2017', 'used'),
(175, '1174', 'D-4/1', '10/20/2017', 'used'),
(176, '1175', 'D-4/2', '10/20/2017', 'used'),
(177, '1176', 'D-4/3', '10/20/2017', 'used'),
(178, '1177', 'D-4/4', '10/20/2017', 'used'),
(179, '1178', 'D-5/1', '10/20/2017', 'used'),
(180, '1179', 'D-5/2', '10/20/2017', 'used'),
(181, '1180', 'D-5/3', '10/20/2017', 'used'),
(182, '1181', 'D-5/4', '10/20/2017', 'used'),
(183, '1182', 'D-6/1', '10/20/2017', 'used'),
(184, '1183', 'D-6/2', '10/20/2017', 'used'),
(185, '1184', 'D-6/3', '10/20/2017', 'used'),
(186, '1185', 'D-6/4', '10/20/2017', 'used'),
(187, '1186', 'D-6/5', '10/20/2017', 'used'),
(188, '1187', 'D-6/6', '10/20/2017', 'used'),
(189, '1188', 'D-6/7', '10/20/2017', 'used'),
(190, '1189', 'D-6/8', '10/20/2017', 'used'),
(191, '1190', 'D-6/9', '10/20/2017', 'used'),
(192, '1191', 'D-6/10', '10/20/2017', 'used'),
(193, '1192', 'D-6/11', '10/20/2017', 'used'),
(194, '1193', 'D-6/12', '10/20/2017', 'used'),
(195, '1194', 'D-7/1', '10/20/2017', 'used'),
(196, '1195', 'D-7/2', '10/20/2017', 'used'),
(197, '1196', 'D-7/3', '10/20/2017', 'used'),
(198, '1197', 'D-7/4', '10/20/2017', 'used'),
(199, '1198', 'D-8/1', '10/20/2017', 'used'),
(200, '1199', 'D-8/2', '10/20/2017', 'used'),
(201, '1200', 'D-8/3', '10/20/2017', 'used'),
(202, '1201', 'D-8/4', '10/20/2017', 'used'),
(203, '1202', 'D-9/1', '10/20/2017', 'used'),
(204, '1203', 'D-9/2', '10/20/2017', 'used'),
(205, '1204', 'D-9/3', '10/20/2017', 'used'),
(206, '1205', 'D-9/4', '10/20/2017', 'used'),
(207, '1206', 'D-9/5', '10/20/2017', 'used'),
(208, '1207', 'D-9/6', '10/20/2017', 'used'),
(209, '1208', 'G-1 (Garage)', '10/20/2017', 'used'),
(210, '1209', 'G-2 (Garage)', '10/20/2017', 'used'),
(211, '1210', 'L-1', '10/20/2017', 'used'),
(212, '1211', 'L-2', '10/20/2017', 'used'),
(213, '1212', 'L-5', '10/20/2017', 'used'),
(214, '1213', 'E-1', '10/20/2017', 'used'),
(215, '1214', 'E-2', '10/20/2017', 'used'),
(216, '1215', 'E-3', '10/20/2017', 'used'),
(217, '1216', 'E-4', '10/20/2017', 'used'),
(218, '1217', 'E-5', '10/20/2017', 'used'),
(219, '1218', 'CB-1', '10/20/2017', 'used'),
(220, '1219', 'CB-2', '10/20/2017', 'used'),
(221, '1220', 'CB-3', '10/20/2017', 'used'),
(222, '1221', 'CB-4', '10/20/2017', 'used'),
(223, '1222', 'DARMSHALL', '10/20/2017', 'used'),
(224, '1223', 'DARMSHALL', '10/20/2017', 'used'),
(225, '1224', 'DARMSHALL', '10/20/2017', 'used'),
(226, '1225', 'DARMSHALL', '10/20/2017', 'used'),
(227, '1226', 'DARMSHALL', '10/20/2017', 'used'),
(228, '1227', 'L-03', '10/20/2017', 'used');

-- --------------------------------------------------------

--
-- Table structure for table `admin`
--

CREATE TABLE `admin` (
  `id` int(11) NOT NULL,
  `username` varchar(100) NOT NULL,
  `passcode` varchar(50) NOT NULL,
  `address` varchar(150) NOT NULL,
  `mobile` varchar(20) NOT NULL
) ENGINE=InnoDB DEFAULT CHARSET=latin1;

--
-- Dumping data for table `admin`
--

INSERT INTO `admin` (`id`, `username`, `passcode`, `address`, `mobile`) VALUES
(11, 'admin', 'admin', 'Bgm', '7899676739');

-- --------------------------------------------------------

--
-- Table structure for table `allregistration`
--

CREATE TABLE `allregistration` (
  `id` int(11) NOT NULL,
  `refno` varchar(100) NOT NULL,
  `challanno` varchar(100) NOT NULL,
  `name` varchar(100) NOT NULL,
  `particulars` varchar(100) NOT NULL,
  `particulars_name` varchar(100) NOT NULL,
  `mobile` varchar(15) NOT NULL,
  `from1` varchar(15) NOT NULL,
  `to1` varchar(15) NOT NULL,
  `quarters_rent` varchar(50) NOT NULL,
  `elect_charges` varchar(50) NOT NULL,
  `water_charges` varchar(50) NOT NULL,
  `maint` varchar(50) NOT NULL,
  `fine` varchar(50) NOT NULL,
  `mess_rent` varchar(50) NOT NULL,
  `shop_rent` varchar(50) NOT NULL,
  `service_tax` varchar(50) NOT NULL,
  `deposit` varchar(50) NOT NULL,
  `miscellaneous` varchar(50) NOT NULL,
  `total` varchar(100) NOT NULL,
  `remarks` text NOT NULL,
  `dd_no` varchar(25) NOT NULL,
  `dd_date` varchar(15) NOT NULL,
  `dd_place` varchar(100) NOT NULL,
  `adate` varchar(15) NOT NULL,
  `abdate` varchar(15) NOT NULL,
  `payment` varchar(20) NOT NULL,
  `payment_date` varchar(15) NOT NULL
) ENGINE=InnoDB DEFAULT CHARSET=latin1;

--
-- Dumping data for table `allregistration`
--

INSERT INTO `allregistration` (`id`, `refno`, `challanno`, `name`, `particulars`, `particulars_name`, `mobile`, `from1`, `to1`, `quarters_rent`, `elect_charges`, `water_charges`, `maint`, `fine`, `mess_rent`, `shop_rent`, `service_tax`, `deposit`, `miscellaneous`, `total`, `remarks`, `dd_no`, `dd_date`, `dd_place`, `adate`, `abdate`, `payment`, `payment_date`) VALUES
(4, '1054', '3939', 'COLLEGE OF PHARMACY', '1014', '1014', '0', '01-07-2017', '31-07-2017', '61383', '0', '0', '1320', '0', '0', '0', '0', '0', '0', '62703', '', '603875', '07-08-2017', 'SYNDICATE BANK', '2017-08-09', '09-08-2017', '', ''),
(5, '1055', '3940', 'ADAVAYYA SWAMY', '1019', 'KLES DR PKH & MRC', '', '01-07-2017', '31-12-2017', '600', '0', '0', '300', '0', '0', '0', '0', '0', '0', '900', '', '', '', '', '2017-08-09', '09-08-2017', '', ''),
(6, '1056', '3941', ' MAHADEVI B NAGANUR ', '', '', '', '01-07-2017', '31-07-2017', '100', '0', '0', '0', '0', '0', '0', '0', '0', '0', '100', 'QUARTERS NO L-03', '', '', '', '2017-08-10', '10-08-2017', '', ''),
(7, '1057', '3942', ' DENTAL SCIENCES ', '1018', '1018', '0831', '01-07-2017', '31-07-2017', '111889', '0', '0', '4564', '0', '0', '0', '0', '0', '0', '116453', '', '589769', '07-08-2017', 'SYNDICATE BANK', '2017-08-13', '13-08-2017', '', ''),
(8, '1058', '3943', 'AKKAMAHADEVI MESS', '', '', '', '01-07-2017', '31-07-2017', '0', '9058', '1000', '0', '0', '10000', '0', '1800', '0', '0', '21858', '', '', '', '', '2017-08-14', '14-08-2017', '', ''),
(9, '1059', '3944', 'INST OF PHYSIOTHERAPY', '', '', '247427', '01-07-2017', '31-07-2017', '25947', '0', '0', '625', '0', '0', '0', '0', '0', '0', '26572', '', '610930', '08-08-2017', 'SYNDICATE BANK', '2017-08-14', '14-08-2017', '', ''),
(10, '1060', '3945', 'J N MEDICAL COLLEGE', '', '', '2471350', '01-07-2017', '31-07-2017', '384094', '0', '0', '0', '0', '0', '0', '0', '0', '0', '384094', '', '610636', '10-08-2017', 'SYNDICATE BANK', '2017-08-14', '14-08-2017', '', ''),
(11, '1061', '3946', 'J N MEDICAL COLLEGE', '1013', 'JNMC Medical College', '2471350', '01-04-2015', '31-03-2016', '76082', '0', '0', '0', '0', '0', '0', '0', '0', '0', '76082', 'Professional Tax List Academic  allowance for the year 2015-2016\r\n', '610642', '10-08-2017', 'SYNDICATE BANK', '2017-08-14', '14-08-2017', '', ''),
(12, '1062', '3947', 'KLE S  DR, P K H & M R C ', '1019', 'KLES DR PKH & MRC', '0831', '01-07-2017', '31-07-2017', '96806', '0', '0', '5974', '0', '0', '0', '0', '0', '0', '102780', '', '098055,098056', '08-08-2017', 'CANARA BANK', '2017-08-14', '14-08-2017', '', ''),
(13, '1063', '3948', 'KLE UNIVERSITY ', '', '', '2444444', '01-07-2017', '31-07-2017', '30152', '0', '0', '1325', '0', '0', '0', '0', '0', '0', '31477', 'S B A/C- NO217-39-CURRENT A/C NO-104-24\r\nTransfer by BZRCMS A/C NO-23/2098( DT-04.08.2017)\r\n', '', '', '', '2017-08-14', '14-08-2017', '', ''),
(14, '1064', '3949', 'SUVARNA S. HALAKI QTRE -E/2', '1022', 'Suvarna S Halaki-QTR E/2', '8747091896', '01-07-2017', '31-07-2017', '450', '0', '0', '50', '0', '0', '0', '0', '0', '0', '500', '', '', '', '', '2017-08-14', '14-08-2017', '', ''),
(15, '1065', '3950', 'KARNATAKA MESS', '1005', 'Karnatak Boys Hostel Mess', '', '01-04-2017', '30-04-2017', '0', '2564', '1000', '0', '300', '10000', '0', '1500', '0', '0', '15364', '', '', '', '', '2017-08-16', '16-08-2017', '', ''),
(16, '1066', '3951', 'Ranichannamma Mess', '1007', '1007', '9448597959', '01-07-2017', '31-07-2017', '0', '6952', '600', '0', '0', '4500', '0', '810', '0', '0', '12862', '', '607985', '16-08-2017', 'SYNDICATE BANK', '2017-08-16', '16-08-2017', '', ''),
(17, '1067', '3952', 'NEELAMBIKA MESS', '1008', 'Neelambika Hostel Mess', '9448597959', '01-07-2017', '31-07-2017', '0', '3920', '600', '0', '0', '4500', '0', '810', '0', '0', '9830', '', '604528', '16-08-2017', 'SYNDICATE BANK', '2017-08-16', '16-08-2017', '', ''),
(18, '1068', '3953', 'GANGAMBIKA MESS', '1009', 'Gangambika Ladies Hostel Mess', '7899999226', '01-07-2017', '31-07-2017', '0', '4319', '1000', '0', '0', '10000', '0', '1800', '0', '0', '17119', '', '', '', '', '2017-08-17', '17-08-2017', 'paid', '2017-09-15'),
(19, '1069', '3954', 'FAST FOOD', '1035', 'Ladies Hostel Fast Food', '9620837981', '01-07-2017', '31-07-2017', '0', '3334', '0', '0', '0', '0', '4000', '720', '0', '0', '8054', '', '', '', '', '2017-08-17', '17-08-2017', 'paid', '2017-09-15'),
(20, '1070', '3955', 'BEAUTY PARLOR', '1032', 'Ladies Beauty Parlor', '9663144492', '01-07-2017', '31-07-2017', '0', '517', '0', '0', '0', '0', '5750', '1035', '0', '0', '7302', '', '', '', '', '2017-08-17', '17-08-2017', '', ''),
(21, '1071', '3956', 'LAUNDRY (LH) RC', '1034', 'Ladies Hostel Laundry', '9663144492', '01-07-2017', '31-07-2017', '0', '585', '0', '0', '0', '0', '1975', '356', '0', '0', '2916', '', '', '', '', '2017-08-17', '17-08-2017', '', ''),
(22, '1072', '3957', 'BOUTIQUE SHOP', '1033', 'Botique Shop', '9916508455', '01-07-2017', '31-07-2017', '0', '88', '0', '0', '0', '0', '2000', '360', '0', '0', '2448', '', '', '', '', '2017-08-18', '18-08-2017', '', ''),
(23, '1073', '3958', 'COFFEE CORNER', '1026', 'Coffee Corner', '9980389199', '01-07-2017', '31-07-2017', '0', '3054', '0', '0', '0', '0', '3500', '630', '0', '0', '7184', '', '', '', '', '2017-08-21', '21-08-2017', '', ''),
(24, '1074', '3959', 'CHARITABLE HOSPITAL', '1017', 'KLE Charitable Hospital', '', '01-07-2017', '31-07-2017', '14777', '0', '725', '0', '0', '0', '0', '0', '0', '0', '15502', '', '703550', '12-08-2017', 'CANARA BANK', '2017-08-24', '24-08-2017', '', ''),
(25, '1075', '3960', 'CHANAKYA LAUNDRY', '1036', 'Chanakya Boys Hostel Laundry', '9986010075', '01-06-2017', '31-07-2017', '0', '302', '0', '0', '420', '0', '10000', '1650', '0', '0', '12372', '', '', '', '', '2017-08-26', '26-08-2017', '', ''),
(26, '1076', '3961', 'GENERAL STORES', '', '', '9844029794', '01-07-2017', '31-07-2017', '0', '0', '0', '0', '0', '0', '1500', '270', '0', '0', '1770', '', '', '', '', '2017-09-04', '04-09-2017', 'paid', '2017-09-13'),
(27, '1077', '3962', 'SANGAM  MESS', '1006', 'Sangam Boys Hostel Mess', '9845888777', '01-07-2017', '31-07-2017', '0', '5090', '1000', '0', '0', '10000', '0', '1800', '0', '0', '17890', '', '', '', '', '2017-09-04', '04-09-2017', 'paid', '2017-09-12'),
(28, '1078', '3963', 'MENS PARLOR', '1028', 'Mens Parlor', '', '01-08-2017', '31-08-2017', '0', '0', '0', '0', '0', '0', '1300', '234', '0', '0', '1534', '', '', '', '', '2017-09-06', '06-09-2017', 'paid', '2017-09-08'),
(29, '1079', '3964', 'BOOK STALL', '1027', 'Book Stall', '', '01-08-2017', '31-08-2017', '0', '0', '0', '0', '0', '0', '7500', '1350', '0', '0', '8850', '', '', '', '', '2017-09-06', '06-09-2017', 'paid', '2017-09-08'),
(30, '1080', '3965', 'SWAMY BAKERY', '1029', 'Swamy Bakery', '9844139515', '01-08-2017', '31-08-2017', '0', '792', '0', '0', '0', '0', '5500', '990', '0', '0', '7282', '', '', '', '', '2017-09-07', '07-09-2017', 'paid', '2017-09-07'),
(31, '1081', '3966', 'MILK PARLOUR', '1037', 'Milk Parlour', '9448258947', '01-08-2017', '31-08-2017', '0', '2925', '0', '0', '0', '0', '3000', '540', '0', '0', '6465', '', '', '', '', '2017-09-07', '07-09-2017', '', ''),
(32, '1082', '3967', 'Ranichannamma L H Mess', '1007', 'Ranichannamma Ladies Hostel Mess', '', '01-08-2017', '31-08-2017', '0', '6923', '600', '0', '0', '4500', '0', '810', '0', '0', '12833', '', '669808', '08-09-2017', 'SYNDICATE BANK', '2017-09-08', '08-09-2017', 'paid', '2017-09-13'),
(33, '1083', '3968', 'NEELAMBIKA LH  MESS', '1008', 'Neelambika Hostel Mess', '', '01-08-2017', '31-08-2017', '0', '3598', '600', '0', '0', '4500', '0', '810', '0', '0', '9508', '', '604544', '08-09-2017', 'SYNDICATE BANK', '2017-09-08', '08-09-2017', 'paid', '2017-09-13'),
(34, '1084', '3969', 'SUVARNA S. HALAKI-QTRE -E/2', '1022', 'Suvarna S Halaki-QTR E/2', '', '01-08-2017', '31-08-2017', '450', '0', '0', '50', '0', '0', '0', '0', '0', '0', '500', '', '', '', '', '2017-09-08', '08-09-2017', 'paid', '2017-09-11'),
(35, '1085', '3970', 'INST OF NURSUNG', '1020', 'Institute Of Nursing Sciences', '', '01-08-2017', '31-08-2017', '11870', '0', '0', '470', '0', '0', '0', '0', '0', '0', '12340', '', '669106', '07-09-2017', 'SYNDICATE BANK', '2017-09-08', '08-09-2017', 'paid', '2017-09-13'),
(36, '1086', '3971', 'INSTITUTE OF DENTAL SCIENCES BELAGAVI', '1018', 'KLE Vishwanath Katti Institute Of Dental Sciences', '08312470362', '01-08-2017', '31-08-2017', '97492', '0', '0', '4334', '0', '0', '0', '0', '0', '0', '101826', '', '589815', '09-09-2017', 'SYNDICATE BANK', '2017-09-11', '11-09-2017', 'paid', '2017-09-13'),
(37, '1087', '3972', 'CHARAKA MESS', '1003', 'Charaka Boys Hostel', '', '01-08-2017', '31-08-2017', '10000', '429', '1000', '0', '0', '0', '0', '1800', '0', '0', '13229', '', '', '', '', '2017-09-11', '11-09-2017', 'paid', '2017-09-11'),
(38, '1088', '3973', 'CHANAKYA  BH MESS G F', '1001', 'Chanakya Boys Hostel Mess (Ground Floor)', '8867129210', '01-08-2017', '31-08-2017', '0', '2350', '1000', '0', '0', '10000', '0', '1800', '0', '0', '15150', '', '', '', '', '2017-09-12', '12-09-2017', 'paid', '2017-09-13'),
(39, '1089', '3974', 'SANGAPPA DADED QTR-20', '1023', 'Sangappa V Dhaded 2DHARM Shalla QTRE NO-20', '', '01-08-2017', '31-08-2017', '365', '0', '0', '50', '0', '0', '0', '0', '0', '0', '415', '', '', '', '', '2017-09-12', '12-09-2017', 'paid', '2017-09-12'),
(40, '1090', '3975', 'COLLEGE O F PHARMACY', '1014', 'College Of Pharmacy', '', '01-08-2017', '31-08-2017', '60525', '0', '0', '1320', '0', '0', '0', '0', '0', '0', '61845', '', '609921', '09-09-2017', 'SYNDICATE BANK', '2017-09-13', '13-09-2017', 'paid', '2017-09-15'),
(41, '1091', '3976', 'AKKAMAHADEVI MESS', '1010', 'Akkamhadevi Ladies Hostel Mess', '', '01-08-2017', '31-08-2017', '10000', '8405', '1000', '0', '0', '0', '0', '1800', '0', '0', '21205', '', '', '', '', '2017-09-13', '13-09-2017', 'paid', '2017-09-13'),
(42, '1092', '3977', 'INST OF PHYSIOTHERAPY', '1015', 'Institute Of Physiotherapy', '08312474727', '01-08-2017', '31-08-2017', '25947', '0', '0', '625', '0', '0', '0', '0', '0', '0', '26572', '', '610983', '12-09-2017', 'SYNDICATE BANK', '2017-09-13', '13-09-2017', 'paid', '2017-09-16'),
(43, '1093', '3978', 'J N MEDICAL COLLEGE', '1013', 'JNMC Medical College', '08312471350', '01-08-2017', '31-08-2017', '396020', '0', '0', '0', '0', '0', '0', '0', '0', '0', '396020', '', '610672', '13-09-2017', 'SYNDICATE BANK', '2017-09-14', '14-09-2017', 'paid', '2017-09-18'),
(44, '1094', '3979', 'LAUNDRY (LH) RC', '1034', 'Ladies Hostel Laundry', '9663144492', '01-08-2017', '31-08-2017', '0', '556', '0', '0', '0', '0', '1975', '356', '0', '0', '2887', '', '', '', '', '2017-09-14', '14-09-2017', 'paid', '2017-09-18'),
(45, '1095', '3980', 'FAST FOOD', '1035', 'Ladies Hostel Fast Food', '9620837981', '01-08-2017', '31-08-2017', '0', '3120', '0', '0', '0', '0', '4000', '720', '0', '0', '7840', '', '', '', '', '2017-09-14', '14-09-2017', '', ''),
(46, '1096', '3981', 'GANGAMBIKA MESS', '1009', 'Gangambika Ladies Hostel Mess', '7899999226', '01-08-2017', '31-08-2017', '0', '3929', '1000', '0', '0', '10000', '0', '1800', '0', '0', '16729', '', '', '', '', '2017-09-14', '14-09-2017', '', ''),
(47, '1097', '3982', 'BEAUTY PARLOR', '1032', 'Ladies Beauty Parlor', '9663144492', '01-08-2017', '31-08-2017', '0', '497', '0', '0', '0', '0', '5750', '1035', '0', '0', '7282', '', '', '', '', '2017-09-14', '14-09-2017', 'paid', '2017-09-18'),
(48, '1098', '3983', 'BOUTIQUE SHOP', '1033', 'Botique Shop', '9916508455', '01-08-2017', '31-08-2017', '0', '98', '0', '0', '0', '0', '2000', '360', '0', '0', '2458', '', '', '', '', '2017-09-14', '14-09-2017', 'paid', '2017-09-18'),
(49, '1099', '3984', 'GENERAL STORES', '', '', '9844029794', '01-08-2017', '31-08-2017', '0', '0', '0', '0', '0', '0', '1500', '270', '0', '0', '1770', '', '', '', '', '2017-09-14', '14-09-2017', 'paid', '2017-09-18'),
(50, '1100', '3985', 'CHARITABLE HOSPITAL', '1017', 'KLE Charitable Hospital', '08312473777', '01-08-2017', '31-08-2017', '14648', '0', '0', '725', '0', '0', '0', '0', '0', '0', '15373', '', '703574', '13-09-2017', 'CANARA BANK', '2017-09-14', '14-09-2017', 'paid', '2017-09-18'),
(51, '1101', '3986', 'NRI HOSTEL MESS', '1004', 'NRI Hostel Mess', '9886662576', '01-07-2017', '31-07-2017', '0', '4281', '1000', '0', '310', '10000', '0', '1800', '0', '0', '17391', '', '', '', '', '2017-09-15', '15-09-2017', 'paid', '2017-09-18'),
(52, '1102', '3987', 'NRI HOSTEL MESS', '1004', 'NRI Hostel Mess', '9886662576', '01-08-2017', '31-08-2017', '0', '4553', '1000', '0', '690', '10000', '0', '1800', '0', '0', '18043', '', '', '', '', '2017-09-15', '15-09-2017', 'paid', '2017-09-18'),
(53, '1103', '3988', ' CAFÉ JNMC CANTEEN', '1030', '1030', '9964571977', '01-07-2017', '31-07-2017', '0', '26994', '0', '0', '0', '0', '20000', '3600', '0', '0', '50594', '', '609536', '15-09-2017', 'SYNDICATE BANK', '2017-09-15', '15-09-2017', 'paid', '2017-09-20'),
(54, '1104', '3989', ' CAFÉ JNMC CANTEEN', '1030', 'Cafe JNMC', '9964571977', '01-08-2017', '31-08-2017', '0', '27159', '0', '0', '690', '0', '20000', '3600', '0', '0', '51449', '', '609537', '16-09-2017', 'SYNDICATE BANK', '2017-09-15', '15-09-2017', 'paid', '20-09-2017'),
(55, '1105', '3990', 'CHANAKYA LAUNDRY', '1036', '1036', '9986010075', '01-06-2017', '31-08-2017', '0', '468', '0', '0', '880', '0', '15000', '2550', '0', '0', '18898', '', '', '', '', '2017-09-15', '15-09-2017', 'paid', '18-09-2017'),
(56, '1106', '3991', 'COFFEE CORNER', '1026', 'Coffee Corner', '9980389199', '01-08-2017', '31-08-2017', '0', '2442', '0', '0', '0', '0', '3500', '630', '0', '0', '6572', '', '', '', '', '2017-09-22', '22-09-2017', '', ''),
(57, '1107', '3992', 'CHANAKYA  BH MESS F F', '1002', 'Chanakya Boys Hostel Mess (First Floor)', '9886969391', '01-06-2017', '31-08-2017', '0', '11788', '3000', '0', '1450', '30000', '0', '5100', '0', '0', '51338', '', '', '', '', '2017-09-25', '25-09-2017', '', ''),
(58, '1108', '3993', 'KARNATAKA BH MESS', '1005', 'Karnatak Boys Hostel Mess', '8495940203', '01-05-2017', '30-06-2017', '0', '4953', '2000', '0', '610', '20000', '0', '3000', '0', '0', '30563', '', '', '', '', '2017-09-26', '26-09-2017', '', ''),
(59, '1109', '3994', 'KLE S  DR, P K H & M R C  QTRS B-8', '1019', 'KLES DR PKH & MRC', '', '01-07-2017', '31-07-2017', '3650', '0', '0', '0', '0', '0', '0', '0', '0', '0', '3650', '', '098069', '09-08-2017', 'CANARA BANK', '2017-09-26', '26-09-2017', '', ''),
(60, '1110', '3995', 'KLE S  DR, P K H & M R C  QTRS B-8', '1019', 'KLES DR PKH & MRC', '', '01-08-2017', '31-08-2017', '3650', '0', '0', '0', '0', '0', '0', '0', '0', '0', '3650', '', '704289', '10-09-2017', 'CANARA BANK', '2017-09-26', '26-09-2017', '', ''),
(61, '1111', '3996', 'KLE S  DR, P K H & M R C ', '1019', 'KLES DR PKH & MRC', '', '01-08-2017', '31-08-2017', '100389', '0', '0', '5304', '0', '0', '0', '0', '0', '0', '105693', '', '098589,098590', '08-09-2017', 'CANARA BANK', '2017-09-26', '26-09-2017', '', ''),
(62, '1112', '3997', 'CHANAKYA  BH MESS F F', '1002', '1002', '9845888777', '01-09-2017', '30-09-2017', '0', '0', '0', '0', '0', '2000', '0', '360', '0', '0', '2360', '', '', '', '', '2017-09-27', '27-09-2017', '', ''),
(63, '1113', '3998', 'MAHADEVI B NAGANUR ( L3)', '1025', 'Mahadevi B Naganur (L3)', '', '01-08-2017', '31-08-2017', '100', '0', '0', '0', '0', '0', '0', '0', '0', '0', '100', '', '', '', '', '2017-09-27', '27-09-2017', '', ''),
(64, '1114', '3999', 'KLE UNIVERSITY ', '1042', 'KLE UNIVERSITY ', '08312444444', '01-08-2017', '31-08-2017', '33305', '0', '0', '1325', '0', '0', '0', '0', '0', '0', '34630', '', '', '', '', '2017-10-03', '03-10-2017', 'paid', '12-09-2017'),
(65, '1115', '4000', 'SANGAPPA DHADES', '1023', 'Sangappa V Dhaded 2DHARM Shalla QTRE NO-20', '', '01-09-2017', '30-09-2017', '365', '0', '0', '50', '0', '0', '0', '0', '0', '0', '415', '', '', '', '', '2017-10-04', '04-10-2017', '', ''),
(66, '1116', '4001', 'MENS PARLOR', '1028', 'Mens Parlor', '9886232266', '01-09-2017', '30-09-2017', '0', '0', '0', '0', '0', '0', '1300', '234', '0', '0', '1534', '', '', '', '', '2017-10-05', '05-10-2017', '', ''),
(67, '1117', '4002', 'BOOK STALL', '1027', 'Book Stall', '9845048497', '01-09-2017', '30-09-2017', '0', '0', '0', '0', '0', '0', '7500', '1350', '0', '0', '8850', '', '', '', '', '2017-10-05', '05-10-2017', '', ''),
(68, '1118', '4003', 'Amit Kumar Qtrs No A 11/5', '1043', 'Amit kumar A11/05', '9810489790', '01-09-2017', '31-12-2017', '16000', '0', '0', '0', '0', '0', '0', '0', '0', '0', '16000', '', '', '', '', '2017-10-06', '06-10-2017', '', ''),
(69, '1119', '4004', 'SWAMY BAKERY', '1029', 'Swamy Bakery', '9844139515', '01-09-2017', '30-09-2017', '0', '891', '0', '0', '0', '0', '5500', '990', '0', '0', '7381', '', '', '', '', '2017-10-09', '09-10-2017', '', ''),
(70, '1120', '4005', 'KLE UNIVERSITY ', '1042', 'KLE UNIVERSITY ', '08312444444', '01-09-2017', '30-09-2017', '32858', '0', '0', '1325', '0', '0', '0', '0', '0', '0', '34183', '', '', '', '', '2017-10-09', '09-10-2017', '', ''),
(71, '1121', '4006', 'INST OF NURSUNG', '1020', 'Institute Of Nursing Sciences', '', '01-09-2017', '30-09-2017', '10920', '0', '0', '470', '0', '0', '0', '0', '0', '0', '11390', '', '669127', '03-10-2017', 'SYNDICATE BANK', '2017-10-09', '09-10-2017', '', ''),
(72, '1122', '4007', 'COLLEGE O F PHARMACY', '1014', 'College Of Pharmacy', '', '01-09-2017', '30-09-2017', '60971', '0', '0', '1320', '0', '0', '0', '0', '0', '0', '62291', '', '609972', '03-10-2017', 'SYNDICATE BANK', '2017-10-09', '09-10-2017', '', ''),
(73, '1123', '4008', 'AKKAMAHADEVI MESS', '1010', 'Akkamhadevi Ladies Hostel Mess', '9686826741', '01-09-2017', '30-09-2017', '0', '6153', '1000', '0', '0', '10000', '0', '1800', '0', '0', '18953', '', '', '', '', '2017-10-10', '10-10-2017', '', ''),
(74, '1124', '4009', 'SUVARNA S. HALAKI QTRE -E/2', '1022', 'Suvarna S Halaki-QTR E/2', '', '01-09-2017', '30-09-2017', '450', '0', '0', '50', '0', '0', '0', '0', '0', '0', '500', '', '', '', '', '2017-10-10', '10-10-2017', '', ''),
(75, '1125', '4010', 'GANGAMBIKA MESS', '1009', 'Gangambika Ladies Hostel Mess', '7899999226', '01-09-2017', '30-09-2017', '0', '3754', '1000', '0', '105', '10000', '0', '1800', '0', '0', '16659', '', '', '', '', '2017-10-11', '11-10-2017', '', ''),
(76, '1126', '4011', 'FAST FOOD', '1035', 'Ladies Hostel Fast Food', '9620837981', '01-09-2017', '30-09-2017', '0', '3179', '0', '0', '105', '0', '4000', '720', '0', '0', '8004', '', '', '', '', '2017-10-11', '11-10-2017', '', ''),
(77, '1127', '4012', 'LAUNDRY (LH) RC', '1034', 'Ladies Hostel Laundry', '9663144492', '01-09-2017', '30-09-2017', '0', '585', '0', '0', '0', '0', '1975', '356', '0', '0', '2916', '', '', '', '', '2017-10-11', '11-10-2017', '', ''),
(78, '1128', '4013', 'BEAUTY PARLOR', '1032', 'Ladies Beauty Parlor', '9663144492', '01-09-2017', '30-09-2017', '0', '722', '0', '0', '0', '0', '5750', '1035', '0', '0', '7507', '', '', '', '', '2017-10-11', '11-10-2017', '', ''),
(79, '1129', '4014', 'BOUTIQUE SHOP', '1033', 'Botique Shop', '9916508455', '01-09-2017', '30-09-2017', '0', '215', '0', '0', '0', '0', '2000', '360', '0', '0', '2575', '', '', '', '', '2017-10-11', '11-10-2017', '', ''),
(80, '1130', '4015', 'CHARAKA MESS', '1003', 'Charaka Boys Hostel', '9448597956', '01-09-2017', '30-09-2017', '0', '4641', '1000', '0', '0', '10000', '0', '1800', '0', '0', '17441', '', '', '', '', '2017-10-11', '11-10-2017', '', ''),
(81, '1131', '4016', 'MILK PARLOUR', '1037', 'Milk Parlour', '', '01-09-2017', '30-09-2017', '3000', '6211', '0', '0', '0', '0', '0', '540', '0', '0', '9751', '', '', '', '', '2017-10-13', '13-10-2017', '', ''),
(82, '1132', '4017', 'Ranichannamma LH Mess', '1007', 'Ranichannamma Ladies Hostel Mess', '', '01-09-2017', '30-09-2017', '0', '10998', '600', '0', '0', '4500', '0', '810', '0', '0', '16908', '', '669833', '13-10-2017', 'syndicate Bank', '2017-10-14', '14-10-2017', '', ''),
(83, '1133', '4018', 'INST OF PHYSIOTHERAPY', '1015', '1015', '08312474727', '01-09-2017', '30-09-2017', '25947', '0', '0', '625', '0', '0', '0', '0', '0', '0', '26572', '', '670612', '12-09-2017', 'syndicate Bank', '2017-10-14', '14-10-2017', '', ''),
(84, '1134', '4019', 'INST OF DENTAL SCIENCES', '1018', 'KLE Vishwanath Katti Institute Of Dental Sciences', '08312470362', '01-09-2017', '30-09-2017', '97917', '0', '0', '4389', '0', '0', '0', '0', '0', '0', '102306', '', '589861', '09-10-2017', 'syndicate Bank', '2017-10-14', '14-10-2017', '', ''),
(85, '1135', '4020', 'NEELAMBIKA LH MESS', '1008', 'Neelambika Hostel Mess', '', '01-09-2017', '30-09-2017', '0', '3393', '600', '0', '0', '4500', '0', '810', '0', '0', '9303', '', '604567', '11-10-2017', 'syndicate Bank', '2017-10-16', '16-10-2017', '', ''),
(86, '1136', '4021', 'GURUNATH R PHADI QTRS A-13/14', '1044', 'GURUNATH R PHADI QTRS  A-13/14', '9845567050', '01-08-2017', '30-09-2017', '3742', '0', '0', '200', '0', '0', '0', '0', '0', '0', '3942', '', '176358', '16-10-2017', 'POST OFFICE', '2017-10-16', '16-10-2017', '', ''),
(87, '1137', '4022', 'K L E CHARITABLE HOSPITAL', '1017', 'KLE Charitable Hospital', '08312473777', '01-09-2017', '30-09-2017', '14648', '0', '0', '725', '0', '0', '0', '0', '0', '0', '15373', '', '703581', '14-10-2017', 'CANARA BANK', '2017-10-16', '16-10-2017', '', ''),
(88, '1138', '4023', 'GENERAL STORES', '1041', 'GENERAL STORES', '', '01-09-2017', '30-09-2017', '1500', '0', '0', '0', '0', '0', '0', '270', '0', '0', '1770', '', '', '', '', '2017-10-17', '17-10-2017', '', ''),
(89, '1139', '4024', 'COFFEE CORNER', '1026', 'Coffee Corner', '9980389199', '01-09-2017', '30-09-2017', '0', '2728', '0', '0', '0', '0', '3500', '630', '0', '0', '6858', '', '', '', '', '2017-10-24', '24-10-2017', '', ''),
(90, '1140', '4025', ' CAFÉ JNMC CANTEEN', '1030', 'Cafe JNMC', '', '01-09-2017', '30-09-2017', '0', '29854', '0', '0', '0', '0', '20000', '3600', '0', '0', '53454', '', '609543', '24-10-2017', 'syndicate Bank', '2017-10-24', '24-10-2017', '', ''),
(91, '', '', '', '', '', '', '', '', '', '', '', '', '', '', '', '', '', '', '', '', '', '', '', '2017-10-24', '24-10-2017', '', ''),
(93, '1143', '4028', 'NEW PG LADIES HOSTEL MESS', '1045', 'NEW PG LADIES HOSTEL MESS', '', '24-10-2017', '24-10-2017', '0', '0', '0', '0', '0', '0', '0', '0', '50000', '0', '50000', '', '', '', '', '2017-10-24', '24-10-2017', '', ''),
(94, '1144', '4029', 'CHANAKYA B H MESS G F', '1001', 'Chanakya Boys Hostel Mess (Ground Floor)', '8867129210', '01-09-2017', '30-09-2017', '0', '1940', '1000', '0', '0', '10000', '0', '1800', '0', '0', '14740', '', '', '', '', '2017-10-24', '24-10-2017', '', ''),
(95, '1145', '4030', 'KLE S  DR, P K H & M R C ', '1019', 'KLES DR PKH & MRC', '', '01-09-2017', '30-09-2017', '99405', '0', '0', '0', '0', '0', '0', '0', '0', '0', '99405', '', '704631', '08-10-2017', 'CANARA BANK', '2017-10-25', '25-10-2017', '', ''),
(96, '1146', '4031', 'MAHADEVI B NAGANUR', '1025', 'Mahadevi B Naganur (L3)', '', '01-09-2017', '30-09-2017', '100', '0', '0', '0', '0', '0', '0', '0', '0', '0', '100', '', '', '', '', '2017-10-25', '25-10-2017', '', ''),
(97, '1147', '4032', 'KLE S  DR, P K H & M R C QTRS B-08', '1019', 'KLES DR PKH & MRC', '', '01-09-2017', '30-09-2017', '3650', '0', '0', '0', '0', '0', '0', '0', '0', '0', '3650', '', '704621', '08-10-2017', 'CANARA BANK', '2017-10-30', '30-10-2017', '', ''),
(98, '1148', '4033', ' J N MEDICAL COLLEGE', '1013', 'JNMC Medical College', '08312471350', '01-09-2017', '30-09-2017', '398753', '0', '0', '0', '0', '0', '0', '0', '0', '0', '398753', '', '804007', '14-10-2017', 'syndicate Bank', '2017-10-30', '30-10-2017', '', ''),
(99, '1149', '4034', 'MILK PARLOUR', '1037', 'Milk Parlour', '9448258947', '2017-07-01', '2017-10-31', '0', '4154', '0', '0', '0', '0', '3000', '540', '0', '0', '7694', '', '', '', '', '2017-11-07', '07-11-2017', '', ''),
(100, '1150', '4035', 'KARNATAKA BH MESS', '1005', 'Karnatak Boys Hostel Mess', '9980384292', '2017-07-01', '2017-08-31', '0', '7234', '2000', '0', '930', '20000', '0', '3600', '0', '0', '33764', '', '', '', '', '2017-11-07', '07-11-2017', '', '');

-- --------------------------------------------------------

--
-- Table structure for table `challan`
--

CREATE TABLE `challan` (
  `id` int(11) NOT NULL,
  `status` varchar(25) NOT NULL
) ENGINE=InnoDB DEFAULT CHARSET=latin1;

--
-- Dumping data for table `challan`
--

INSERT INTO `challan` (`id`, `status`) VALUES
(3939, 'used'),
(3940, 'used'),
(3941, 'used'),
(3942, 'used'),
(3943, 'used'),
(3944, 'used'),
(3945, 'used'),
(3946, 'used'),
(3947, 'used'),
(3948, 'used'),
(3949, 'used'),
(3950, 'used'),
(3951, 'used'),
(3952, 'used'),
(3953, 'used'),
(3954, 'used'),
(3955, 'used'),
(3956, 'used'),
(3957, 'used'),
(3958, 'used'),
(3959, 'used'),
(3960, 'used'),
(3961, 'used'),
(3962, 'used'),
(3963, 'used'),
(3964, 'used'),
(3965, 'used'),
(3966, 'used'),
(3967, 'used'),
(3968, 'used'),
(3969, 'used'),
(3970, 'used'),
(3971, 'used'),
(3972, 'used'),
(3973, 'used'),
(3974, 'used'),
(3975, 'used'),
(3976, 'used'),
(3977, 'used'),
(3978, 'used'),
(3979, 'used'),
(3980, 'used'),
(3981, 'used'),
(3982, 'used'),
(3983, 'used'),
(3984, 'used'),
(3985, 'used'),
(3986, 'used'),
(3987, 'used'),
(3988, 'used'),
(3989, 'used'),
(3990, 'used'),
(3991, 'used'),
(3992, 'used'),
(3993, 'used'),
(3994, 'used'),
(3995, 'used'),
(3996, 'used'),
(3997, 'used'),
(3998, 'used'),
(3999, 'used'),
(4000, 'used'),
(4001, 'used'),
(4002, 'used'),
(4003, 'used'),
(4004, 'used'),
(4005, 'used'),
(4006, 'used'),
(4007, 'used'),
(4008, 'used'),
(4009, 'used'),
(4010, 'used'),
(4011, 'used'),
(4012, 'used'),
(4013, 'used'),
(4014, 'used'),
(4015, 'used'),
(4016, 'used'),
(4017, 'used'),
(4018, 'used'),
(4019, 'used'),
(4020, 'used'),
(4021, 'used'),
(4022, 'used'),
(4023, 'used'),
(4024, 'used'),
(4025, 'used'),
(4026, ''),
(4027, 'used'),
(4028, 'used'),
(4029, 'used'),
(4030, 'used'),
(4031, 'used'),
(4032, 'used'),
(4033, 'used'),
(4034, 'used'),
(4035, 'used'),
(4036, '');

-- --------------------------------------------------------

--
-- Table structure for table `company`
--

CREATE TABLE `company` (
  `id` int(11) NOT NULL,
  `pic` varchar(100) NOT NULL
) ENGINE=InnoDB DEFAULT CHARSET=latin1;

--
-- Dumping data for table `company`
--

INSERT INTO `company` (`id`, `pic`) VALUES
(1, '1493879640e1dd6f27bdeb6b07dadce36b11ee6633.png');

-- --------------------------------------------------------

--
-- Table structure for table `manage_qtr`
--

CREATE TABLE `manage_qtr` (
  `id` int(11) NOT NULL,
  `name` varchar(100) NOT NULL,
  `refno` varchar(50) NOT NULL,
  `payment_date` varchar(15) NOT NULL,
  `month` varchar(15) NOT NULL,
  `year` varchar(15) NOT NULL,
  `reg_date` varchar(15) NOT NULL,
  `quarter_code` varchar(20) NOT NULL,
  `amount` varchar(50) NOT NULL,
  `status` varchar(15) NOT NULL,
  `vacate_date` varchar(15) NOT NULL
) ENGINE=InnoDB DEFAULT CHARSET=latin1;

--
-- Dumping data for table `manage_qtr`
--

INSERT INTO `manage_qtr` (`id`, `name`, `refno`, `payment_date`, `month`, `year`, `reg_date`, `quarter_code`, `amount`, `status`, `vacate_date`) VALUES
(52, 'DR V.D Patil', '150849790159e9d9ede2d421878', '2017-11-01', 'November', '2017', '2017-10-20', '1000', '500', '', ''),
(53, 'DR B. G. Desai', '150849799859e9da4e27ab91651', '2017-10-01', 'January', '2017', '2017-10-20', '1001', '800', '', ''),
(54, 'Dr. K. Ravishankar Naik', '150849805059e9da8227bb131024', '2017-10-02', 'January', '2017', '2017-10-20', '1002', '500', '', ''),
(55, 'Guest House', '150849809059e9daaa19c6b11054', '2017-10-10', 'February', '2017', '2017-10-20', '1003', '780', '', ''),
(56, 'Dr M.S Sangolli', '150849812659e9dace742d930812', '2017-10-10', 'February', '2017', '2017-10-20', '1004', '7575', '', ''),
(57, 'Dr B.S. Manjunath Swamy', '150849815859e9daee6286830565', '', '', '', '2017-10-20', '1006', '', '', ''),
(58, 'Dr Daksha Dixith', '150849822659e9db324995019514', '', '', '', '2017-10-20', '1007', '', '', ''),
(59, 'Dr Santosh Patil', '150849832259e9db92d1d9820715', '', '', '', '2017-10-20', '1008', '', '', ''),
(60, 'Dr Ravi Sarvi', '150849834559e9dba9315e115944', '', '', '', '2017-10-20', '1009', '', '', ''),
(61, 'Dr Nikhita R Kalyanshetti', '150849837259e9dbc46b6589441', '', '', '', '2017-10-20', '1010', '', '', ''),
(62, 'Dr Vikrant Ghatnatti', '150849842459e9dbf816a1d29190', '', '', '', '2017-10-20', '1011', '', '', ''),
(63, 'Dr N. M. Patil', '150849848559e9dc356fd224295', '', '', '', '2017-10-20', '1012', '', '', ''),
(64, 'Shri S.G Patil', '150849851059e9dc4eb6aa830452', '', '', '', '2017-10-20', '1013', '', '', ''),
(65, 'Dr. V.S Shirol', '150849862559e9dcc16cf6411805', '', '', '', '2017-10-20', '1014', '', '', ''),
(66, 'Mr G.L Hiremath', '150849883059e9dd8eead9c10386', '', '', '', '2017-10-20', '1015', '', '', ''),
(67, 'Dr S. S. Goudar', '150849887159e9ddb7e87a627569', '', '', '', '2017-10-20', '1016', '', '', ''),
(68, 'Dr Richard Saldhanha', '150849890459e9ddd8b063030870', '', '', '', '2017-10-20', '1017', '', '', ''),
(69, 'Mr H.N Shiragavi', '150849893959e9ddfb22d5915383', '', '', '', '2017-10-20', '1018', '', '', ''),
(70, 'Dr S. S. Jalalpure', '150849913559e9debf29b8029283', '', '', '', '2017-10-20', '1019', '', '', ''),
(71, 'Dr Shivakumar Patil', '150849930059e9df640c92b3680', '', '', '', '2017-10-20', '1021', '', '', ''),
(72, 'Dr Prasanna S Jirli', '150849932259e9df7aa8dd63865', '', '', '', '2017-10-20', '1022', '', '', ''),
(73, 'Dr Anil Hogade', '150849934959e9df957d94915326', '', '', '', '2017-10-20', '1023', '', '', ''),
(74, 'Dr Bhagyashri Patil (New)', '150849974159e9e11db6e8216040', '', '', '', '2017-10-20', '1024', '', '', ''),
(75, 'Dr Kamurudin Jaalam', '150849979059e9e14e8ba7f3521', '', '', '', '2017-10-20', '1026', '', '', ''),
(76, 'Dr C.K Kokate', '150849981659e9e168734a522886', '', '', '', '2017-10-20', '1027', '', '', ''),
(77, 'Dr Tanmya Metgud', '150849985159e9e18b0c33121671', '', '', '', '2017-10-20', '1028', '', '', ''),
(78, 'Shri Pramod Hurkadli', '150849988659e9e1aeb41ad7508', '', '', '', '2017-10-20', '1029', '', '', ''),
(79, 'Dr Sarang Shete', '150849991559e9e1cbe809b17661', '', '', '', '2017-10-20', '1030', '', '', ''),
(80, 'Dr Praveen R Tambrallimath', '150849996759e9e1ffd667f9714', '', '', '', '2017-10-20', '1031', '', '', ''),
(81, 'Dr Chaitanya Kamat', '150849999859e9e21e58b9a5187', '', '', '', '2017-10-20', '1033', '', '', ''),
(82, 'Shri S.S.Patil Engg Dept', '150850002559e9e2398a35815040', '', '', '', '2017-10-20', '1034', '', '', ''),
(83, 'Shri P.C Yadav', '150850004859e9e2505c79e13305', '', '', '', '2017-10-20', '1035', '', '', ''),
(84, 'Dr Vijay B Kage', '150850009359e9e27d910a512094', '', '', '', '2017-10-20', '1037', '', '', ''),
(85, 'Mrs M.D. Madhale', '150850014459e9e2b09e8e612703', '', '', '', '2017-10-20', '1038', '', '', ''),
(86, 'Mr Basavaraj K Savadatti', '150850019859e9e2e6c6ee517132', '', '', '', '2017-10-20', '1039', '', '', ''),
(87, 'Dr Sheha S Rajurikar', '150850023359e9e30906ba05813', '', '', '', '2017-10-20', '1040', '', '', ''),
(88, 'Dr Sanjay Kumar Mishra', '150850026459e9e3281f324330', '', '', '', '2017-10-20', '1041', '', '', ''),
(89, 'Shri C. K. Patil', '150850028859e9e3402c0f618619', '', '', '', '2017-10-20', '1043', '', '', ''),
(90, 'Dr Prabhavati Mugulkod', '150850089059e9e59aa8ea48664', '', '', '', '2017-10-20', '1044', '', '', ''),
(91, 'Dr Arvind Yakkundi', '150850092759e9e5bf409ea26929', '', '', '', '2017-10-20', '1045', '', '', ''),
(92, 'Dr Abhijeet Shitole', '150850095459e9e5da17c7526646', '', '', '', '2017-10-20', '1046', '', '', ''),
(93, 'Dr Vidyavathi Patil', '150850098159e9e5f58b32313719', '', '', '', '2017-10-20', '1047', '', '', ''),
(94, 'Dr N. K. Tyagi', '150850120759e9e6d7cad26900', '', '', '', '2017-10-20', '1049', '', '', ''),
(95, 'Dr Lingraj Balihallimath', '150856313159ead8bb4256a3048', '', '', '', '2017-10-21', '1050', '', '', ''),
(96, 'Dr Sandeep Chindi', '150856315759ead8d5c49c529185', '', '', '', '2017-10-21', '1051', '', '', ''),
(97, 'Dr Hema K', '150856318259ead8ee0ce792214', '', '', '', '2017-10-21', '1052', '', '', ''),
(98, 'Dr Manjunath Sankangoudar', '150856323259ead920de52729415', '', '', '', '2017-10-21', '1053', '', '', ''),
(99, 'Dr D.G Gholba', '150856326659ead9424083e32404', '', '', '', '2017-10-21', '1054', '', '', ''),
(100, 'Dr Santosh B Kurbet', '150856334459ead9902341911581', '', '', '', '2017-10-21', '1055', '', '', ''),
(101, 'Dr Umesh S Charantimath', '150856340359ead9cb476ca19760', '', '', '', '2017-10-21', '1056', '', '', ''),
(102, 'Shri VinodKumar S Mannur', '150856343859ead9ee377a811689', '', '', '', '2017-10-21', '1057', '', '', ''),
(103, 'Shri Ravi D Shivanikar', '150856346759eada0bbf5d97982', '', '', '', '2017-10-21', '1058', '', '', ''),
(104, 'Dr Sachin R Patil', '150856349559eada27f306a31439', '', '', '', '2017-10-21', '1059', '', '', ''),
(105, 'Mr Raghavendra', '150856352059eada40da4353164', '', '', '', '2017-10-21', '1060', '', '', ''),
(106, 'Dr Ashwini S Bulbuli (T Chougala)', '150856356759eada6f47f3231589', '', '', '', '2017-10-21', '1061', '', '', ''),
(107, 'Shri Anil Aminbhavi', '150856360959eada9976c2058', '', '', '', '2017-10-21', '1064', '', '', ''),
(108, 'Dr Kshama K.K', '150856363559eadab3645b429931', '', '', '', '2017-10-21', '1065', '', '', ''),
(109, 'Dr Satish A Kavatagimath', '150856367559eadadb0f9674680', '', '', '', '2017-10-21', '1066', '', '', ''),
(110, 'Dr Vardharaj P Gokak', '150856370159eadaf5e4a5326849', '', '', '', '2017-10-21', '1067', '', '', ''),
(111, 'Dr Ravindra S Honnugar', '150856372659eadb0eaca6626118', '', '', '', '2017-10-21', '1068', '', '', ''),
(112, 'Dr Rachana Kulkarni', '150856379159eadb4f5d8e68688', '', '', '', '2017-10-21', '1069', '', '', ''),
(113, 'Dr Menaka K.B', '150856381359eadb651acad17257', '', '', '', '2017-10-21', '1070', '', '', ''),
(114, 'Dr Prashant Karni', '150856384559eadb85cd6ef25070', '', '', '', '2017-10-21', '1071', '', '', ''),
(115, 'Dr Vinuta S Hiremath', '150856387259eadba04af7c26255', '', '', '', '2017-10-21', '1072', '', '', ''),
(116, 'Mr Pramod N Sulkeri', '150856389959eadbbb559c327932', '', '', '', '2017-10-21', '1073', '', '', ''),
(117, 'Mr R Balsubramaniyam', '150856393359eadbddee5a711557', '', '', '', '2017-10-21', '1074', '', '', ''),
(118, 'Shri Gurunath R Phadi', '150856396159eadbf9d9c1f12026', '', '', '', '2017-10-21', '1075', '', '', ''),
(119, 'Dr Villash Pattar', '150856398759eadc13bb63523723', '', '', '', '2017-10-21', '1076', '', '', ''),
(120, 'Dr Anil R Muragod', '150856401859eadc32252a616136', '', '', '', '2017-10-21', '1077', '', '', ''),
(121, 'Dr Abhilasha', '150856403959eadc47c6b3f30369', '', '', '', '2017-10-21', '1078', '', '', ''),
(122, 'Dr Preeti R Inamdar', '150856407159eadc67581dd16582', '', '', '', '2017-10-21', '1079', '', '', ''),
(123, 'Dr Rekha Nayaka MR', '150856410259eadc866304d6279', '', '', '', '2017-10-21', '1080', '', '', ''),
(124, 'Dr Somashekar S Pujar', '150856414859eadcb41d30917332', '', '', '', '2017-10-21', '1081', '', '', ''),
(125, 'Dr Ravi Ghatnatti', '150856417359eadccd7b19623517', '', '', '', '2017-10-21', '1082', '', '', ''),
(126, 'Dr Snehal Lunge', '150856419459eadce20e9789042', '', '', '', '2017-10-21', '1083', '', '', ''),
(127, 'Dr Madumati J Patil (Kamat)', '150856424659eadd16a05a018749', '', '', '', '2017-10-21', '1084', '', '', ''),
(128, 'Dr Kumar Vinchurkar', '150856427059eadd2e285f030002', '', '', '', '2017-10-21', '1085', '', '', ''),
(129, 'Dr Basavaraj M Kajagar', '150856429659eadd4843d8a21123', '', '', '', '2017-10-21', '1086', '', '', ''),
(130, 'Dr Sanjana A Patil', '150856432259eadd62731c715360', '', '', '', '2017-10-21', '1087', '', '', ''),
(131, 'Dr Roopali Sankeshwari', '150856437159eadd93c166d15417', '', '', '', '2017-10-21', '1088', '', '', ''),
(132, 'Dr Rajesh Shinoy', '150856439259eadda8cb0cb12926', '', '', '', '2017-10-21', '1089', '', '', ''),
(133, 'Dr Santosh Y Nelogi', '150856442259eaddc634d2b5087', '', '', '', '2017-10-21', '1090', '', '', ''),
(134, 'Dr Vinutan Hampihole', '150856447559eaddfbeb6296188', '', '', '', '2017-10-21', '1091', '', '', ''),
(135, 'Dr Sanjeev Kumar', '150856449859eade12f21e825333', '', '', '', '2017-10-21', '1092', '', '', ''),
(136, 'Dr Sunita Y Patil', '150856452159eade299e48730858', '', '', '', '2017-10-21', '1093', '', '', ''),
(137, 'Dr Manjnath A Malagan', '150856651859eae5f6c9eac1212', '', '', '', '2017-10-21', '1094', '', '', ''),
(138, 'Dr Vishal Koulapur', '150856654059eae60cb87d631813', '', '', '', '2017-10-21', '1095', '', '', ''),
(139, 'Dr Meenakshi Maste', '150856657059eae62ae8bff8090', '', '', '', '2017-10-21', '1096', '', '', ''),
(140, 'Dr Mahadevi Savanur', '150856659859eae6464e5c34299', '', '', '', '2017-10-21', '1097', '', '', ''),
(141, 'Dr Kiran L Kurkure', '150856663959eae66f14c8425203', '', '', '', '2017-10-21', '1098', '', '', ''),
(142, 'Shri V S Masthehollimath ', '150856667259eae69009b779520', '', '', '', '2017-10-21', '1099', '', '', ''),
(143, 'Dr Anupama M Gudadappanavar', '150856670259eae6aeee26b9641', '', '', '', '2017-10-21', '1100', '', '', ''),
(144, 'Dr Nishit Ashok Udapi', '150856673459eae6ce9b8d314126', '', '', '', '2017-10-21', '1101', '', '', ''),
(145, 'Shri V.K. Dhakappanavar', '150856676459eae6ec755ec13007', '', '', '', '2017-10-21', '1102', '', '', ''),
(146, 'Shri S G Muragod', '150856680359eae713a208b25692', '', '', '', '2017-10-21', '1103', '', '', ''),
(147, 'Shri M M Agasimani', '150856682859eae72c9098829541', '', '', '', '2017-10-21', '1104', '', '', ''),
(148, 'Shri Basavaraj S Matti', '150856688559eae765d69c46202', '', '', '', '2017-10-21', '1105', '', '', ''),
(149, 'Shri M I Kumbar', '150856692959eae7915a85c11499', '', '', '', '2017-10-21', '1106', '', '', ''),
(150, 'Shri I M Dhanraj', '150856698559eae7c91b71427208', '', '', '', '2017-10-21', '1107', '', '', ''),
(151, 'Smt Shreya Herakar', '150856700759eae7dfe482224801', '', '', '', '2017-10-21', '1108', '', '', ''),
(152, 'Dr S R Koujalgi', '150856703359eae7f92480b32262', '', '', '', '2017-10-21', '1109', '', '', ''),
(153, 'Shri N Nataraj', '150856706259eae8162180211463', '', '', '', '2017-10-21', '1110', '', '', ''),
(154, 'Shri M B Patil', '150856708759eae82fdbb0425332', '', '', '', '2017-10-21', '1111', '', '', ''),
(155, 'Shri G Shivaprakash', '150856711959eae84f4a18210781', '', '', '', '2017-10-21', '1112', '', '', ''),
(156, 'Shri S S Hosamani', '150856714459eae8689c81929842', '', '', '', '2017-10-21', '1113', '', '', ''),
(157, 'Shri Rama I Magadum', '150856717359eae8853defa20067', '', '', '', '2017-10-21', '1114', '', '', ''),
(158, 'Shri Sanjay Annigeri', '150856726959eae8e56d3ab14944', '', '', '', '2017-10-21', '1115', '', '', ''),
(159, 'Smt Renu R Sharare (Vidya Kapleswar)', '150856749559eae9c7bc6de19225', '', '', '', '2017-10-21', '1116', '', '', ''),
(160, 'Shri Guru M Murgali', '150856764459eaea5cbe3c132725', '', '', '', '2017-10-21', '1117', '', '', ''),
(161, 'Shri B B Kompi', '150856766859eaea7461d6d1002', '', '', '', '2017-10-21', '1118', '', '', ''),
(162, 'Shri Rajesh Tasgaonkar', '150856776859eaead8686f67014', '', '', '', '2017-10-21', '1119', '', '', ''),
(163, 'Shri B K Magdum', '150856781859eaeb0ac952628327', '', '', '', '2017-10-21', '1120', '', '', ''),
(164, 'Dental Guest House', '150856783759eaeb1dd6ddb12116', '', '', '', '2017-10-21', '1121', '', '', ''),
(165, 'Mrs Bhagyashree M Taukari', '150856791659eaeb6c3202130072', '', '', '', '2017-10-21', '1122', '', '', ''),
(166, 'Shri Prakash B Rajannavar', '150856799959eaebbf2909f24633', '', '', '', '2017-10-21', '1123', '', '', ''),
(167, 'Smt Savita Uppin', '150856804359eaebebf090022495', '', '', '', '2017-10-21', '1124', '', '', ''),
(168, 'Shri Prakash I Yenagi', '150856807059eaec063fb9a3116', '', '', '', '2017-10-21', '1125', '', '', ''),
(169, 'Mrs Kala B Patil', '150856810459eaec282ca2218165', '', '', '', '2017-10-21', '1126', '', '', ''),
(170, 'Smt Jyoti P Ullagadi', '150856823059eaeca6843e23210', '', '', '', '2017-10-21', '1127', '', '', ''),
(171, 'Shri Somaling S Patil', '150856825759eaecc1b34074859', '', '', '', '2017-10-21', '1128', '', '', ''),
(172, 'Mr Chandrashekar V Madiwal', '150856828359eaecdbdde3b16152', '', '', '', '2017-10-21', '1129', '', '', ''),
(173, 'Mr Prakash G Sakrevgol', '150856831459eaecfa1b75623921', '', '', '', '2017-10-21', '1130', '', '', ''),
(174, 'Shri S.G Hiremath', '150856833859eaed125b1a426454', '', '', '', '2017-10-21', '1131', '', '', ''),
(175, 'Shri B.R. Killedar', '150856836259eaed2a0f13125559', '', '', '', '2017-10-21', '1132', '', '', ''),
(176, 'Mr Deepak R Bhupali', '150856839959eaed4f6a7da13508', '', '', '', '2017-10-21', '1133', '', '', ''),
(177, 'Shri S.R. Rayangoudar', '150856842859eaed6cab98e24493', '', '', '', '2017-10-21', '1134', '', '', ''),
(178, 'Shri S.S Mallappanavar', '150856845359eaed852ef948930', '', '', '', '2017-10-21', '1135', '', '', ''),
(179, 'Mr Chadrappa Yallapa Rotti', '150856848059eaeda04caab26227', '', '', '', '2017-10-21', '1136', '', '', ''),
(180, 'Smt Rajeshwari G Hampnaik (B Ullagaddi)', '150856851659eaedc4f0ad322832', '', '', '', '2017-10-21', '1137', '', '', ''),
(181, 'Smt Vijaya Patil', '150856853859eaedda9f86318857', '', '', '', '2017-10-21', '1138', '', '', ''),
(182, 'Smt Silvy Mudhol Zaviar', '150856859359eaee116942b2862', '', '', '', '2017-10-21', '1139', '', '', ''),
(183, 'Shri Kempana S Magadum', '150856861459eaee26244ac30415', '', '', '', '2017-10-21', '1140', '', '', ''),
(184, 'Mr Shridhar N Bartakke', '150856863859eaee3ed10ba22620', '', '', '', '2017-10-21', '1141', '', '', ''),
(185, 'Mrs Kanta L Goudar', '150856867459eaee6284d1d22373', '', '', '', '2017-10-21', '1142', '', '', ''),
(186, 'Shri Pramod P Kulkarni', '150856869859eaee7a4c54e11322', '', '', '', '2017-10-21', '1143', '', '', ''),
(187, 'Miss Vaishali Dodamani Mali', '150856876059eaeeb8871de12523', '', '', '', '2017-10-21', '1144', '', '', ''),
(188, 'Smt Sarita V Naik', '150856878559eaeed126d447752', '', '', '', '2017-10-21', '1145', '', '', ''),
(189, 'Shri Rajashri R Pujari (R.S.Poojar)', '150856882659eaeefa0b6d81249', '', '', '', '2017-10-21', '1146', '', '', ''),
(190, 'Mr Ratna M Dhaded', '150856888059eaef3051b4820998', '', '', '', '2017-10-21', '1147', '', '', ''),
(191, 'Mrs Renuka A Halgekar', '150856892059eaef58b5bff28871', '', '', '', '2017-10-21', '1148', '', '', ''),
(192, 'Mr Ravi Dahaded', '150856898259eaef963819422260', '', '', '', '2017-10-21', '1149', '', '', ''),
(193, 'Shri S.S Valasang', '150856900659eaefae2efaf3613', '', '', '', '2017-10-21', '1150', '', '', ''),
(194, 'Mrs Geeta J Malakannavar (Melavanki)', '150856904759eaefd7928662194', '', '', '', '2017-10-21', '1151', '', '', ''),
(195, 'Shri Adavyya Swamy', '150856918359eaf05f0520028441', '', '', '', '2017-10-21', '1152', '', '', ''),
(196, 'Mr Shashikant I Sambargi', '150856922859eaf08c6384d7134', '', '', '', '2017-10-21', '1153', '', '', ''),
(197, 'Shri Shekhar Arunachalmath', '150856928059eaf0c0c4aab12735', '', '', '', '2017-10-21', '1154', '', '', ''),
(198, 'Shri M.B llkal', '150856933559eaf0f7359624236', '', '', '', '2017-10-21', '1155', '', '', ''),
(199, 'Smt Balabai R Chougule', '150856941159eaf143173296122', '', '', '', '2017-10-21', '1156', '', '', ''),
(200, 'Shri C.B. Patil', '150856943659eaf15c24c8410971', '', '', '', '2017-10-21', '1157', '', '', ''),
(201, 'Shri Guru R Kajagar', '150856950059eaf19ceac4910616', '', '', '', '2017-10-21', '1158', '', '', ''),
(202, 'Shri V.L. Bailappanavar', '150856952559eaf1b5d6a8126705', '', '', '', '2017-10-21', '1159', '', '', ''),
(203, 'Shri Sadanad G Pareet', '150856955559eaf1d30a77518614', '', '', '', '2017-10-21', '1160', '', '', ''),
(204, 'Shri B.M. Sansudi', '150856957959eaf1ebcb7ed6583', '', '', '', '2017-10-21', '1161', '', '', ''),
(205, 'Shri Bahubali B Gouraj', '150856961459eaf20e7ec6d25892', '', '', '', '2017-10-21', '1162', '', '', ''),
(206, 'Shri Krishna Tarale', '150856964259eaf22ac0d8414477', '', '', '', '2017-10-21', '1163', '', '', ''),
(207, 'Mrs Prema L Goudar', '150856969059eaf25af063314914', '', '', '', '2017-10-21', '1164', '', '', ''),
(208, 'Mrs Gopika Hosmani (Gopawwa S Kelaginmani) - 9964339619', '150856975059eaf2967b27c6739', '', '', '', '2017-10-21', '1165', '', '', ''),
(209, 'Mrs Raichal G Badiger', '150856979859eaf2c620f1920617', '', '', '', '2017-10-21', '1166', '', '', ''),
(210, 'Shri I.S Kanti', '150856984359eaf2f37d61714478', '', '', '', '2017-10-21', '1167', '', '', ''),
(211, 'Shri Basavaraj C Suladal', '150856987259eaf3105b2352223', '', '', '', '2017-10-21', '1168', '', '', ''),
(212, 'Shri Yadavndra Pujari', '150857002459eaf3a8c662e27717', '', '', '', '2017-10-21', '1169', '', '', ''),
(213, 'Smt Rehka N Sambrekar', '150857004859eaf3c0e1df420378', '', '', '', '2017-10-21', '1170', '', '', ''),
(214, 'Shri Basawaraj G Munavalli', '150857007459eaf3dac14dc203', '', '', '', '2017-10-21', '1171', '', '', ''),
(215, 'Mr Naganand B Kuri', '150857009859eaf3f20863324744', '', '', '', '2017-10-21', '1172', '', '', ''),
(216, 'Shri S.B. Doddamani', '150857012359eaf40b1f3b61985', '', '', '', '2017-10-21', '1173', '', '', ''),
(217, 'Shri Y.B. Patil', '150857125959eaf87b0e2b719302', '', '', '', '2017-10-21', '1174', '', '', ''),
(218, 'Shri Santosh Herikodi', '150857132459eaf8bc6709a24231', '', '', '', '2017-10-21', '1175', '', '', ''),
(219, 'Shri Somlig Yennagi', '150857135159eaf8d71f2d524404', '', '', '', '2017-10-21', '1176', '', '', ''),
(220, 'Shri Neelawwa Tallur', '150857138459eaf8f8740b124317', '', '', '', '2017-10-21', '1177', '', '', ''),
(221, 'Shri S M Galabi (Kamat)', '150857145659eaf9405c18614322', '', '', '', '2017-10-21', '1178', '', '', ''),
(222, 'Smt D.B. Kamalapur', '150857147859eaf9563142c15939', '', '', '', '2017-10-21', '1179', '', '', ''),
(223, 'Shri Arjun B Tallur', '150857150159eaf96d7c1cb7360', '', '', '', '2017-10-21', '1180', '', '', ''),
(224, 'Shri Tukaram Hanagi', '150857154459eaf99851ceb28153', '', '', '', '2017-10-21', '1181', '', '', ''),
(225, 'Shri R.S. Pavadigoudar', '150857156959eaf9b13178f24894', '', '', '', '2017-10-21', '1182', '', '', ''),
(226, 'Mr P.G Hundekar', '150857159459eaf9ca0b47d31647', '', '', '', '2017-10-21', '1183', '', '', ''),
(227, 'Shri Irrapa Wali', '150857161759eaf9e1ef7c017644', '', '', '', '2017-10-21', '1184', '', '', ''),
(228, 'Smt Sarika Ranjoy', '150857164959eafa01048bd28853', '', '', '', '2017-10-21', '1185', '', '', ''),
(229, 'Shri Fakirappa R Yargoppa', '150857167459eafa1a0db8321322', '', '', '', '2017-10-21', '1186', '', '', ''),
(230, 'Mr Nagaraj M Kondaguri', '150857170959eafa3d01eb412987', '', '', '', '2017-10-21', '1187', '', '', ''),
(231, 'Smt Jayshree Maradi', '150857173859eafa5a8b45417368', '', '', '', '2017-10-21', '1188', '', '', ''),
(232, 'Shri Mahantesh B Angadi', '150857176759eafa77301cc25393', '', '', '', '2017-10-21', '1189', '', '', ''),
(233, 'Shri Shivaling G Mungarwadi', '150857181359eafaa5e4cba23062', '', '', '', '2017-10-21', '1190', '', '', ''),
(234, 'Miss Sharadha Ravikumar', '150857187159eafadf450d6365', '', '', '', '2017-10-21', '1191', '', '', ''),
(235, 'Shri B.M Patil', '150857189559eafaf7151c1418', '', '', '', '2017-10-21', '1192', '', '', ''),
(236, 'Mr Sachin B Ranadive', '150857193659eafb20ed97715923', '', '', '', '2017-10-21', '1193', '', '', ''),
(237, 'Shri Mahantesh Killari', '150857202559eafb79a354418281', '', '', '', '2017-10-21', '1194', '', '', ''),
(238, 'Shri M.B. Naganur', '150857205559eafb970e51d5614', '', '', '', '2017-10-21', '1195', '', '', ''),
(239, 'Shri Raju D Shidanurle', '150857208359eafbb3777332703', '', '', '', '2017-10-21', '1196', '', '', ''),
(240, 'Shri M.D. Angadi', '150857209859eafbc2a052516668', '', '', '', '2017-10-21', '1197', '', '', ''),
(241, 'Shri Manjeet Shing M Kadam', '150857214259eafbeee226528965', '', '', '', '2017-10-21', '1198', '', '', ''),
(242, 'Shri V.B Hongal', '150857224159eafc5107d1c16555', '', '', '', '2017-10-21', '1199', '', '', ''),
(243, 'Shri Mahantesh B Vannur', '150857226659eafc6a672df21256', '', '', '', '2017-10-21', '1200', '', '', ''),
(244, 'Shri Shankar B Sollapure', '150857229159eafc83b3fc331393', '', '', '', '2017-10-21', '1201', '', '', ''),
(245, 'Shri Rajashree M Hunashyal', '150857232559eafca529fb629894', '', '', '', '2017-10-21', '1202', '', '', ''),
(246, 'Shri C.B Hurkadli', '150857252859eafd702ae0515495', '', '', '', '2017-10-21', '1203', '', '', ''),
(247, 'Shri Sanjay V Sambayamath', '150857807259eb1318d22cd8157', '', '', '', '2017-10-21', '1204', '', '', ''),
(248, 'Shri Kempanna B Chougala (new)', '150857812059eb13483e8905970', '', '', '', '2017-10-21', '1205', '', '', ''),
(249, 'Shri Veena Jayakar (Parashram Koti)', '150857816259eb1372326356691', '', '', '', '2017-10-21', '1206', '', '', ''),
(250, 'Mr R.G Rawal', '150857818959eb138db9eed31520', '', '', '', '2017-10-21', '1207', '', '', ''),
(251, 'Mrs Nanda Kamble', '150857821359eb13a5e7c0623769', '', '', '', '2017-10-21', '1208', '', '', ''),
(252, 'Shri G.S Pavadigoudar', '150857825259eb13cc220de22174', '', '', '', '2017-10-21', '1209', '', '', ''),
(253, 'Shri N.B Pujari', '150857827759eb13e5d00be13695', '', '', '', '2017-10-21', '1210', '', '', ''),
(254, 'Shri Asayya Devidda Inturi', '150857830559eb1401832fb10572', '', '', '', '2017-10-21', '1211', '', '', ''),
(255, 'Shri S.S Itagi', '150857832959eb14191e84a28053', '', '', '', '2017-10-21', '1212', '', '', ''),
(256, 'Shri Ramu B Hagidal', '150857835659eb1434a091d16042', '', '', '', '2017-10-21', '1213', '', '', ''),
(257, 'Shri Suvarna S Halki', '150857837859eb144a4ed2810907', '', '', '', '2017-10-21', '1214', '', '', ''),
(258, 'Shri Bhaubali B Gouraj', '150857840659eb1466e292c3640', '', '', '', '2017-10-21', '1215', '', '', ''),
(259, 'Shri Suresh H Hegade', '150857844159eb148924cfc19985', '', '', '', '2017-10-21', '1216', '', '', ''),
(260, 'Shri Mahadev Upparat', '150857846159eb149d341bc7030', '', '', '', '2017-10-21', '1218', '', '', ''),
(261, 'Mr Hanumant Talawar', '150857849859eb14c22d71921879', '', '', '', '2017-10-21', '1219', '', '', ''),
(262, 'Shri Laxman Madiwal', '150857851659eb14d44102c21988', '', '', '', '2017-10-21', '1220', '', '', ''),
(263, 'Shri G.V Ghali', '150857854059eb14ecd387d14925', '', '', '', '2017-10-21', '1221', '', '', ''),
(264, 'Mr M.S Rainaikar', '150857857259eb150cc588830978', '', '', '', '2017-10-21', '1222', '', '', ''),
(265, 'Mr Sangappa V Dhaded', '150857860959eb1531ca78d21011', '', '', '', '2017-10-21', '1223', '', '', ''),
(266, 'Shri V G Ronad', '150857865959eb15632663c11849', '', '', '', '2017-10-21', '1224', '', '', ''),
(267, 'Shri M.S Shiragavi', '150857868259eb157a9004a9038', '', '', '', '2017-10-21', '1225', '', '', ''),
(268, 'Shri Deepa Tigadolli', '150857870359eb158f4e23d31855', '', '', '', '2017-10-21', '1226', '', '', ''),
(269, 'Smt Mahadevi B Naganur', '150857872659eb15a6d81f232124', '', '', '', '2017-10-21', '1227', '', '', ''),
(270, 'Mahesh', '150858254659eb2492a751a29895', '', '', '', '2017-10-21', '1005', '', 'vacate', '2017-11-01'),
(271, 'Sufiyan', '150883907359ef0ea1a41fe2630', '2017-10-03', 'January', '2017', '2017-10-24', '1005', '778', '', '');

-- --------------------------------------------------------

--
-- Table structure for table `particular_code`
--

CREATE TABLE `particular_code` (
  `id` int(11) NOT NULL,
  `status` varchar(10) NOT NULL
) ENGINE=InnoDB DEFAULT CHARSET=latin1;

--
-- Dumping data for table `particular_code`
--

INSERT INTO `particular_code` (`id`, `status`) VALUES
(1009, 'used'),
(1010, 'used'),
(1011, 'used'),
(1012, 'used'),
(1013, 'used'),
(1014, 'used'),
(1015, 'used'),
(1016, 'used'),
(1017, 'used'),
(1018, 'used'),
(1019, 'used'),
(1020, 'used'),
(1021, 'used'),
(1022, 'used'),
(1023, 'used'),
(1024, 'used'),
(1025, 'used'),
(1026, 'used'),
(1027, 'used'),
(1028, 'used'),
(1029, 'used'),
(1030, 'used'),
(1031, 'used'),
(1032, 'used'),
(1033, 'used'),
(1034, 'used'),
(1035, 'used'),
(1036, 'used'),
(1037, 'used'),
(1038, 'used'),
(1039, 'used'),
(1040, 'used'),
(1041, 'used'),
(1042, 'used'),
(1043, 'used'),
(1044, 'used'),
(1045, 'used'),
(1046, '');

-- --------------------------------------------------------

--
-- Table structure for table `quarters_reg`
--

CREATE TABLE `quarters_reg` (
  `id` int(11) NOT NULL,
  `challan_no` varchar(100) NOT NULL,
  `quarter_no` varchar(20) NOT NULL,
  `bed_room` varchar(20) NOT NULL,
  `staff_name` varchar(100) NOT NULL,
  `institute` varchar(100) NOT NULL,
  `dep` varchar(100) NOT NULL,
  `month` varchar(25) NOT NULL,
  `year` varchar(8) NOT NULL,
  `pay_date` varchar(15) NOT NULL,
  `reg_date` varchar(15) NOT NULL,
  `refno` varchar(50) NOT NULL,
  `amount` varchar(50) NOT NULL,
  `status` varchar(15) NOT NULL,
  `vacate_date` varchar(15) NOT NULL
) ENGINE=InnoDB DEFAULT CHARSET=latin1;

--
-- Dumping data for table `quarters_reg`
--

INSERT INTO `quarters_reg` (`id`, `challan_no`, `quarter_no`, `bed_room`, `staff_name`, `institute`, `dep`, `month`, `year`, `pay_date`, `reg_date`, `refno`, `amount`, `status`, `vacate_date`) VALUES
(60, '1000', '1000', '', 'DR V.D Patil', 'Pediatrics', '100', 'November', '2017', '2017-11-01', '2017-10-20', '150849790159e9d9ede2d421878', '500', '', ''),
(61, '1001', '1001', '3', 'DR B. G. Desai', 'Secretary', '101', 'January', '2017', '2017-10-01', '2017-10-20', '150849799859e9da4e27ab91651', '800', '', ''),
(62, '1002', '1002', '3', 'Dr. K. Ravishankar Naik', 'Neurology', '100', 'January', '2017', '2017-10-02', '2017-10-20', '150849805059e9da8227bb131024', '500', '', ''),
(63, '1003', '1003', '3', 'Guest House', '', '', 'February', '2017', '2017-10-10', '2017-10-20', '150849809059e9daaa19c6b11054', '780', '', ''),
(64, '1004', '1004', '3', 'Dr M.S Sangolli', 'Surgery', '100', 'February', '2017', '2017-10-10', '2017-10-20', '150849812659e9dace742d930812', '7575', '', ''),
(65, '1005', '1006', '3', 'Dr B.S. Manjunath Swamy', 'Skin', '100', '', '', '', '2017-10-20', '150849815859e9daee6286830565', '', '', ''),
(66, '1006', '1007', '2', 'Dr Daksha Dixith', 'Anatomy', '100', '', '', '', '2017-10-20', '150849822659e9db324995019514', '', '', ''),
(67, '1007', '1008', '2', 'Dr Santosh Patil', 'Radiology', '100', '', '', '', '2017-10-20', '150849832259e9db92d1d9820715', '', '', ''),
(68, '1008', '1009', '3', 'Dr Ravi Sarvi', 'Dept Of Medicine (Nephr)', '100', '', '', '', '2017-10-20', '150849834559e9dba9315e115944', '', '', ''),
(69, '1009', '1010', '3', 'Dr Nikhita R Kalyanshetti', 'Dept Of Anesthesiology', '100', '', '', '', '2017-10-20', '150849837259e9dbc46b6589441', '', '', ''),
(70, '1010', '1011', '3', 'Dr Vikrant Ghatnatti', '', '100', '', '', '', '2017-10-20', '150849842459e9dbf816a1d29190', '', '', ''),
(71, '1011', '1012', '3', 'Dr N. M. Patil', 'Physicatrary', '100', '', '', '', '2017-10-20', '150849848559e9dc356fd224295', '', '', ''),
(72, '1012', '1013', '3', 'Shri S.G Patil', 'Administrator', '102', '', '', '', '2017-10-20', '150849851059e9dc4eb6aa830452', '', '', ''),
(73, '1013', '1014', '3', 'Dr. V.S Shirol', 'Anatomy', '100', '', '', '', '2017-10-20', '150849862559e9dcc16cf6411805', '', '', ''),
(74, '1014', '1015', '3', 'Mr G.L Hiremath', 'Administrator', '106', '', '', '', '2017-10-20', '150849883059e9dd8eead9c10386', '', '', ''),
(75, '1015', '1016', '3', 'Dr S. S. Goudar', 'Physiology', '100', '', '', '', '2017-10-20', '150849887159e9ddb7e87a627569', '', '', ''),
(76, '1016', '1017', '3', 'Dr Richard Saldhanha', 'CVTS Dept', '106', '', '', '', '2017-10-20', '150849890459e9ddd8b063030870', '', '', ''),
(77, '1017', '1018', '3', 'Mr H.N Shiragavi', 'Commodore Administrator Security OT Services', '106', '', '', '', '2017-10-20', '150849893959e9ddfb22d5915383', '', '', ''),
(78, '1018', '1019', '2', 'Dr S. S. Jalalpure', 'Professor', '103', '', '', '', '2017-10-20', '150849913559e9debf29b8029283', '', '', ''),
(79, '1019', '1021', '3', 'Dr Shivakumar Patil', 'Skin VD', '100', '', '', '', '2017-10-20', '150849930059e9df640c92b3680', '', '', ''),
(80, '1020', '1022', '2', 'Dr Prasanna S Jirli', 'Forensic Med', '100', '', '', '', '2017-10-20', '150849932259e9df7aa8dd63865', '', '', ''),
(81, '1021', '1023', '3', 'Dr Anil Hogade', 'Pharmacology', '100', '', '', '', '2017-10-20', '150849934959e9df957d94915326', '', '', ''),
(82, '1022', '1024', '2', 'Dr Bhagyashri Patil (New)', 'Respiratory', '100', '', '', '', '2017-10-20', '150849974159e9e11db6e8216040', '', '', ''),
(83, '1023', '1026', '3', 'Dr Kamurudin Jaalam', 'Deputy Den', '104', '', '', '', '2017-10-20', '150849979059e9e14e8ba7f3521', '', '', ''),
(84, '1024', '1027', '3', 'Dr C.K Kokate', 'V.C', '102', '', '', '', '2017-10-20', '150849981659e9e168734a522886', '', '', ''),
(85, '1025', '1028', '3', 'Dr Tanmya Metgud', 'Pediatrics', '100', '', '', '', '2017-10-20', '150849985159e9e18b0c33121671', '', '', ''),
(86, '1026', '1029', '2', 'Shri Pramod Hurkadli', 'Special Officier', '105', '', '', '', '2017-10-20', '150849988659e9e1aeb41ad7508', '', '', ''),
(87, '1027', '1030', '3', 'Dr Sarang Shete', 'Jr Consultant ', '106', '', '', '', '2017-10-20', '150849991559e9e1cbe809b17661', '', '', ''),
(88, '1028', '1031', '2', 'Dr Praveen R Tambrallimath', 'Dept CTVS', '106', '', '', '', '2017-10-20', '150849996759e9e1ffd667f9714', '', '', ''),
(89, '1029', '1033', '2', 'Dr Chaitanya Kamat', 'Anastasia', '100', '', '', '', '2017-10-20', '150849999859e9e21e58b9a5187', '', '', ''),
(90, '1030', '1034', '2', 'Shri S.S.Patil Engg Dept', 'FDC', '100', '', '', '', '2017-10-20', '150850002559e9e2398a35815040', '', '', ''),
(91, '1031', '1035', '2', 'Shri P.C Yadav', '(Civil) Engg Dept', '100', '', '', '', '2017-10-20', '150850004859e9e2505c79e13305', '', '', ''),
(92, '1032', '1037', '2', 'Dr Vijay B Kage', 'Asst Prof', '107', '', '', '', '2017-10-20', '150850009359e9e27d910a512094', '', '', ''),
(93, '1033', '1038', '2', 'Mrs M.D. Madhale', 'Nursing', '108', '', '', '', '2017-10-20', '150850014459e9e2b09e8e612703', '', '', ''),
(94, '1034', '1039', '2', 'Mr Basavaraj K Savadatti', 'Dept Nuclear Medicine PET-CT', '106', '', '', '', '2017-10-20', '150850019859e9e2e6c6ee517132', '', '', ''),
(95, '1035', '1040', '2', 'Dr Sheha S Rajurikar', 'Officer Incharge', '109', '', '', '', '2017-10-20', '150850023359e9e30906ba05813', '', '', ''),
(96, '1036', '1041', '2', 'Dr Sanjay Kumar Mishra', 'Scientist', '102', '', '', '', '2017-10-20', '150850026459e9e3281f324330', '', '', ''),
(97, '1037', '1043', '2', 'Shri C. K. Patil', 'Engg Dept', '100', '', '', '', '2017-10-20', '150850028859e9e3402c0f618619', '', '', ''),
(98, '1038', '1044', '2', 'Dr Prabhavati Mugulkod', 'Dept Of Histopathology', '106', '', '', '', '2017-10-20', '150850089059e9e59aa8ea48664', '', '', ''),
(99, '1039', '1045', '2', 'Dr Arvind Yakkundi', 'Ophthamology', '100', '', '', '', '2017-10-20', '150850092759e9e5bf409ea26929', '', '', ''),
(100, '1040', '1046', '2', 'Dr Abhijeet Shitole', 'Cardiac Ansth', '100', '', '', '', '2017-10-20', '150850095459e9e5da17c7526646', '', '', ''),
(101, '1041', '1047', '2', 'Dr Vidyavathi Patil', 'Lecture', '110', '', '', '', '2017-10-20', '150850098159e9e5f58b32313719', '', '', ''),
(102, '1042', '1049', '2', 'Dr N. K. Tyagi', 'Proff Stat Demo', '102', '', '', '', '2017-10-20', '150850120759e9e6d7cad26900', '', '', ''),
(103, '1043', '1050', '2', 'Dr Lingraj Balihallimath', 'Reader', '110', '', '', '', '2017-10-21', '150856313159ead8bb4256a3048', '', '', ''),
(104, '1044', '1051', '2', 'Dr Sandeep Chindi', 'Dept Of Medi', '100', '', '', '', '2017-10-21', '150856315759ead8d5c49c529185', '', '', ''),
(105, '1045', '1052', '2', 'Dr Hema K', 'Dept Of Prostho', '110', '', '', '', '2017-10-21', '150856318259ead8ee0ce792214', '', '', ''),
(106, '1046', '1053', '2', 'Dr Manjunath Sankangoudar', 'Asst Prof Bioche', '100', '', '', '', '2017-10-21', '150856323259ead920de52729415', '', '', ''),
(107, '1047', '1054', '2', 'Dr D.G Gholba', 'Asst Medical Sup', '111', '', '', '', '2017-10-21', '150856326659ead9424083e32404', '', '', ''),
(108, '1048', '1055', '2', 'Dr Santosh B Kurbet', 'Pediatrics Sug', '100', '', '', '', '2017-10-21', '150856334459ead9902341911581', '', '', ''),
(109, '1049', '1056', '2', 'Dr Umesh S Charantimath', 'Asst Prof Dept Commedicine', '100', '', '', '', '2017-10-21', '150856340359ead9cb476ca19760', '', '', ''),
(110, '1050', '1057', '2', 'Shri VinodKumar S Mannur', 'Pharmacy', '103', '', '', '', '2017-10-21', '150856343859ead9ee377a811689', '', '', ''),
(111, '1051', '1058', '2', 'Shri Ravi D Shivanikar', 'Labirayn', '102', '', '', '', '2017-10-21', '150856346759eada0bbf5d97982', '', '', ''),
(112, '1052', '1059', '2', 'Dr Sachin R Patil', 'Asst Prof Pharmacy', '103', '', '', '', '2017-10-21', '150856349559eada27f306a31439', '', '', ''),
(113, '1053', '1060', '2', 'Mr Raghavendra', 'Dept Of Anesthesiology', '100', '', '', '', '2017-10-21', '150856352059eada40da4353164', '', '', ''),
(114, '1054', '1061', '2', 'Dr Ashwini S Bulbuli (T Chougala)', 'Lecture', '107', '', '', '', '2017-10-21', '150856356759eada6f47f3231589', '', '', ''),
(115, '1055', '1064', '2', 'Shri Anil Aminbhavi', 'Hostel Supervisor', '113', '', '', '', '2017-10-21', '150856360959eada9976c2058', '', '', ''),
(116, '1056', '1065', '2', 'Dr Kshama K.K', 'Ophthamology', '100', '', '', '', '2017-10-21', '150856363559eadab3645b429931', '', '', ''),
(117, '1057', '1066', '2', 'Dr Satish A Kavatagimath', 'Pharmacy', '103', '', '', '', '2017-10-21', '150856367559eadadb0f9674680', '', '', ''),
(118, '1058', '1067', '2', 'Dr Vardharaj P Gokak', 'Gastrology', '100', '', '', '', '2017-10-21', '150856370159eadaf5e4a5326849', '', '', ''),
(119, '1059', '1068', '2', 'Dr Ravindra S Honnugar', 'Forensic Med', '100', '', '', '', '2017-10-21', '150856372659eadb0eaca6626118', '', '', ''),
(120, '1060', '1069', '2', 'Dr Rachana Kulkarni', 'Tutor Dept Anatomy', '100', '', '', '', '2017-10-21', '150856379159eadb4f5d8e68688', '', '', ''),
(121, '1061', '1070', '2', 'Dr Menaka K.B', 'Perio Dontics', '110', '', '', '', '2017-10-21', '150856381359eadb651acad17257', '', '', ''),
(122, '1062', '1071', '2', 'Dr Prashant Karni', 'Prosthodontics', '110', '', '', '', '2017-10-21', '150856384559eadb85cd6ef25070', '', '', ''),
(123, '1063', '1072', '2', 'Dr Vinuta S Hiremath', 'Prosthodontics', '110', '', '', '', '2017-10-21', '150856387259eadba04af7c26255', '', '', ''),
(124, '1064', '1073', '2', 'Mr Pramod N Sulkeri', 'PRO', '106', '', '', '', '2017-10-21', '150856389959eadbbb559c327932', '', '', ''),
(125, '1065', '1074', '2', 'Mr R Balsubramaniyam', 'KLE University', '102', '', '', '', '2017-10-21', '150856393359eadbddee5a711557', '', '', ''),
(126, '1066', '1075', '2', 'Shri Gurunath R Phadi', 'Civil Engg', '110', '', '', '', '2017-10-21', '150856396159eadbf9d9c1f12026', '', '', ''),
(127, '1067', '1076', '2', 'Dr Villash Pattar', 'Prosthodontics', '110', '', '', '', '2017-10-21', '150856398759eadc13bb63523723', '', '', ''),
(128, '1068', '1077', '2', 'Dr Anil R Muragod', 'Lecture', '107', '', '', '', '2017-10-21', '150856401859eadc32252a616136', '', '', ''),
(129, '1069', '1078', '2', 'Dr Abhilasha', 'Pediatrics', '100', '', '', '', '2017-10-21', '150856403959eadc47c6b3f30369', '', '', ''),
(130, '1070', '1079', '2', 'Dr Preeti R Inamdar', 'Pediatrics', '100', '', '', '', '2017-10-21', '150856407159eadc67581dd16582', '', '', ''),
(131, '1071', '1080', '2', 'Dr Rekha Nayaka MR', 'Dept Of Pharmacology', '100', '', '', '', '2017-10-21', '150856410259eadc866304d6279', '', '', ''),
(132, '1072', '1081', '2', 'Dr Somashekar S Pujar', 'Forensic Med', '100', '', '', '', '2017-10-21', '150856414859eadcb41d30917332', '', '', ''),
(133, '1073', '1082', '2', 'Dr Ravi Ghatnatti', 'CVTS Dept', '106', '', '', '', '2017-10-21', '150856417359eadccd7b19623517', '', '', ''),
(134, '1074', '1083', '3', 'Dr Snehal Lunge', 'Skin', '100', '', '', '', '2017-10-21', '150856419459eadce20e9789042', '', '', ''),
(135, '1075', '1084', '2', 'Dr Madumati J Patil (Kamat)', 'Microbiology', '100', '', '', '', '2017-10-21', '150856424659eadd16a05a018749', '', '', ''),
(136, '1076', '1085', '2', 'Dr Kumar Vinchurkar', 'Con Surgicaloncology', '106', '', '', '', '2017-10-21', '150856427059eadd2e285f030002', '', '', ''),
(137, '1077', '1086', '2', 'Dr Basavaraj M Kajagar', 'Surgery', '100', '', '', '', '2017-10-21', '150856429659eadd4843d8a21123', '', '', ''),
(138, '1078', '1087', '3', 'Dr Sanjana A Patil', 'Conservative', '110', '', '', '', '2017-10-21', '150856432259eadd62731c715360', '', '', ''),
(139, '1079', '1088', '2', 'Dr Roopali Sankeshwari', 'Preventive Community', '110', '', '', '', '2017-10-21', '150856437159eadd93c166d15417', '', '', ''),
(140, '1080', '1089', '2', 'Dr Rajesh Shinoy', 'Neurology', '100', '', '', '', '2017-10-21', '150856439259eadda8cb0cb12926', '', '', ''),
(141, '1081', '1090', '2', 'Dr Santosh Y Nelogi', 'Reader', '110', '', '', '', '2017-10-21', '150856442259eaddc634d2b5087', '', '', ''),
(142, '1082', '1091', '3', 'Dr Vinutan Hampihole', 'Perio Dontics', '110', '', '', '', '2017-10-21', '150856447559eaddfbeb6296188', '', '', ''),
(143, '1083', '1092', '2', 'Dr Sanjeev Kumar', 'Principle', '107', '', '', '', '2017-10-21', '150856449859eade12f21e825333', '', '', ''),
(144, '1084', '1093', '2', 'Dr Sunita Y Patil', 'Professor Dept Of Pathology', '100', '', '', '', '2017-10-21', '150856452159eade299e48730858', '', '', ''),
(145, '1085', '1094', '2', 'Dr Manjnath A Malagan', 'Reader-Orthdontic', '110', '', '', '', '2017-10-21', '150856651859eae5f6c9eac1212', '', '', ''),
(146, '1086', '1095', '3', 'Dr Vishal Koulapur', 'Forensic Med', '100', '', '', '', '2017-10-21', '150856654059eae60cb87d631813', '', '', ''),
(147, '1087', '1096', '2', 'Dr Meenakshi Maste', 'Pharmacy', '103', '', '', '', '2017-10-21', '150856657059eae62ae8bff8090', '', '', ''),
(148, '1088', '1097', '2', 'Dr Mahadevi Savanur', 'Dept OBG', '100', '', '', '', '2017-10-21', '150856659859eae6464e5c34299', '', '', ''),
(149, '1089', '1098', '2', 'Dr Kiran L Kurkure', 'CVTS Dept', '106', '', '', '', '2017-10-21', '150856663959eae66f14c8425203', '', '', ''),
(150, '1090', '1099', '3', 'Shri V S Masthehollimath ', 'Pharmacy', '103', '', '', '', '2017-10-21', '150856667259eae69009b779520', '', '', ''),
(151, '1091', '1100', '2', 'Dr Anupama M Gudadappanavar', 'Asst Prof', '100', '', '', '', '2017-10-21', '150856670259eae6aeee26b9641', '', '', ''),
(152, '1092', '1101', '2', 'Dr Nishit Ashok Udapi', 'CVTS Dept', '106', '', '', '', '2017-10-21', '150856673459eae6ce9b8d314126', '', '', ''),
(153, '1093', '1102', '1', 'Shri V.K. Dhakappanavar', 'Head Office', '100', '', '', '', '2017-10-21', '150856676459eae6ec755ec13007', '', '', ''),
(154, '1094', '1103', '1', 'Shri S G Muragod', 'Labirayn', '103', '', '', '', '2017-10-21', '150856680359eae713a208b25692', '', '', ''),
(155, '1095', '1104', '1', 'Shri M M Agasimani', 'Art & Photo', '100', '', '', '', '2017-10-21', '150856682859eae72c9098829541', '', '', ''),
(156, '1096', '1105', '1', 'Shri Basavaraj S Matti', 'Record Office', '106', '', '', '', '2017-10-21', '150856688559eae765d69c46202', '', '', ''),
(157, '1097', '1106', '2', 'Shri M I Kumbar', 'Physiology', '100', '', '', '', '2017-10-21', '150856692959eae7915a85c11499', '', '', ''),
(158, '1098', '1107', '2', 'Shri I M Dhanraj', 'Dharmashala', '106', '', '', '', '2017-10-21', '150856698559eae7c91b71427208', '', '', ''),
(159, '1099', '1108', '2', 'Smt Shreya Herakar', 'NICU', '106', '', '', '', '2017-10-21', '150856700759eae7dfe482224801', '', '', ''),
(160, '1100', '1109', '2', 'Dr S R Koujalgi', 'Psychiatry', '100', '', '', '', '2017-10-21', '150856703359eae7f92480b32262', '', '', ''),
(161, '1101', '1110', '2', 'Shri N Nataraj', 'X-Ray Techni', '110', '', '', '', '2017-10-21', '150856706259eae8162180211463', '', '', ''),
(162, '1102', '1111', '2', 'Shri M B Patil', 'FDC', '102', '', '', '', '2017-10-21', '150856708759eae82fdbb0425332', '', '', ''),
(163, '1103', '1112', '2', 'Shri G Shivaprakash', 'FDC', '106', '', '', '', '2017-10-21', '150856711959eae84f4a18210781', '', '', ''),
(164, '1104', '1113', '2', 'Shri S S Hosamani', 'FDC', '100', '', '', '', '2017-10-21', '150856714459eae8689c81929842', '', '', ''),
(165, '1105', '1114', '2', 'Shri Rama I Magadum', 'Technician Micro', '100', '', '', '', '2017-10-21', '150856717359eae8853defa20067', '', '', ''),
(166, '1106', '1115', '2', 'Shri Sanjay Annigeri', 'FDC', '110', '', '', '', '2017-10-21', '150856726959eae8e56d3ab14944', '', '', ''),
(167, '1107', '1116', '2', 'Smt Renu R Sharare (Vidya Kapleswar)', 'Staff Nurses', '106', '', '', '', '2017-10-21', '150856749559eae9c7bc6de19225', '', '', ''),
(168, '1108', '1117', '2', 'Shri Guru M Murgali', 'Lab Technician', '112', '', '', '', '2017-10-21', '150856764459eaea5cbe3c132725', '', '', ''),
(169, '1109', '1118', '2', 'Shri B B Kompi', 'Pediatrics', '100', '', '', '', '2017-10-21', '150856766859eaea7461d6d1002', '', '', ''),
(170, '1110', '1119', '2', 'Shri Rajesh Tasgaonkar', 'Technician', '106', '', '', '', '2017-10-21', '150856776859eaead8686f67014', '', '', ''),
(171, '1111', '1120', '2', 'Shri B K Magdum', 'Engg Dept', '112', '', '', '', '2017-10-21', '150856781859eaeb0ac952628327', '', '', ''),
(172, '1112', '1121', '2', 'Dental Guest House', '', '110', '', '', '', '2017-10-21', '150856783759eaeb1dd6ddb12116', '', '', ''),
(173, '1113', '1122', '1', 'Mrs Bhagyashree M Taukari', 'Dept Of Pathology', '100', '', '', '', '2017-10-21', '150856791659eaeb6c3202130072', '', '', ''),
(174, '1114', '1123', '1', 'Shri Prakash B Rajannavar', 'Mechanical', '110', '', '', '', '2017-10-21', '150856799959eaebbf2909f24633', '', '', ''),
(175, '1115', '1124', '1', 'Smt Savita Uppin', 'FDC', '107', '', '', '', '2017-10-21', '150856804359eaebebf090022495', '', '', ''),
(176, '1116', '1125', '1', 'Shri Prakash I Yenagi', 'SDC', '110', '', '', '', '2017-10-21', '150856807059eaec063fb9a3116', '', '', ''),
(177, '1117', '1126', '1', 'Mrs Kala B Patil', 'Nursing Supervisor', '106', '', '', '', '2017-10-21', '150856810459eaec282ca2218165', '', '', ''),
(178, '1118', '1127', '1', 'Smt Jyoti P Ullagadi', 'SDC', '106', '', '', '', '2017-10-21', '150856823059eaeca6843e23210', '', '', ''),
(179, '1119', '1128', '1', 'Shri Somaling S Patil', 'FDC', '100', '', '', '', '2017-10-21', '150856825759eaecc1b34074859', '', '', ''),
(180, '1120', '1129', '1', 'Mr Chandrashekar V Madiwal', 'SDC', '100', '', '', '', '2017-10-21', '150856828359eaecdbdde3b16152', '', '', ''),
(181, '1121', '1130', '1', 'Mr Prakash G Sakrevgol', 'FDC', '113', '', '', '', '2017-10-21', '150856831459eaecfa1b75623921', '', '', ''),
(182, '1122', '1131', '1', 'Shri S.G Hiremath', 'Lab Technician', '100', '', '', '', '2017-10-21', '150856833859eaed125b1a426454', '', '', ''),
(183, '1123', '1132', '1', 'Shri B.R. Killedar', 'HRRC Center', '100', '', '', '', '2017-10-21', '150856836259eaed2a0f13125559', '', '', ''),
(184, '1124', '1133', '1', 'Mr Deepak R Bhupali', 'Technician', '106', '', '', '', '2017-10-21', '150856839959eaed4f6a7da13508', '', '', ''),
(185, '1125', '1134', '1', 'Shri S.R. Rayangoudar', 'Pharmacist', '106', '', '', '', '2017-10-21', '150856842859eaed6cab98e24493', '', '', ''),
(186, '1126', '1135', '1', 'Shri S.S Mallappanavar', 'SDC', '110', '', '', '', '2017-10-21', '150856845359eaed852ef948930', '', '', ''),
(187, '1127', '1136', '1', 'Mr Chadrappa Yallapa Rotti', 'Driver JNMC Office', '100', '', '', '', '2017-10-21', '150856848059eaeda04caab26227', '', '', ''),
(188, '1128', '1137', '1', 'Smt Rajeshwari G Hampnaik (B Ullagaddi)', 'Receptionist', '106', '', '', '', '2017-10-21', '150856851659eaedc4f0ad322832', '', '', ''),
(189, '1129', '1138', '1', 'Smt Vijaya Patil', 'Lab Technician', '106', '', '', '', '2017-10-21', '150856853859eaedda9f86318857', '', '', ''),
(190, '1130', '1139', '1', 'Smt Silvy Mudhol Zaviar', 'Staff Nurses', '106', '', '', '', '2017-10-21', '150856859359eaee116942b2862', '', '', ''),
(191, '1131', '1140', '1', 'Shri Kempana S Magadum', 'SDC Optho', '100', '', '', '', '2017-10-21', '150856861459eaee26244ac30415', '', '', ''),
(192, '1132', '1141', '1', 'Mr Shridhar N Bartakke', 'Evolve GYM', '102', '', '', '', '2017-10-21', '150856863859eaee3ed10ba22620', '', '', ''),
(193, '1133', '1142', '1', 'Mrs Kanta L Goudar', 'Staff Nurses', '110', '', '', '', '2017-10-21', '150856867459eaee6284d1d22373', '', '', ''),
(194, '1134', '1143', '1', 'Shri Pramod P Kulkarni', 'Staff Nurses', '112', '', '', '', '2017-10-21', '150856869859eaee7a4c54e11322', '', '', ''),
(195, '1135', '1144', '1', 'Miss Vaishali Dodamani Mali', 'Biochemecist', '106', '', '', '', '2017-10-21', '150856876059eaeeb8871de12523', '', '', ''),
(196, '1136', '1145', '1', 'Smt Sarita V Naik', 'Staff Nurses', '112', '', '', '', '2017-10-21', '150856878559eaeed126d447752', '', '', ''),
(197, '1137', '1146', '1', 'Shri Rajashri R Pujari (R.S.Poojar)', 'Staff Nurses', '106', '', '', '', '2017-10-21', '150856882659eaeefa0b6d81249', '', '', ''),
(198, '1138', '1147', '1', 'Mr Ratna M Dhaded', 'Peon', '113', '', '', '', '2017-10-21', '150856888059eaef3051b4820998', '', '', ''),
(199, '1139', '1148', '1', 'Mrs Renuka A Halgekar', 'Clerk Admin Dept', '114', '', '', '', '2017-10-21', '150856892059eaef58b5bff28871', '', '', ''),
(200, '1140', '1149', '1', 'Mr Ravi Dahaded', 'Driver', '103', '', '', '', '2017-10-21', '150856898259eaef963819422260', '', '', ''),
(201, '1141', '1150', '1', 'Shri S.S Valasang', 'FDC', '100', '', '', '', '2017-10-21', '150856900659eaefae2efaf3613', '', '', ''),
(202, '1142', '1151', '1', 'Mrs Geeta J Malakannavar (Melavanki)', 'Staff Nurses', '106', '', '', '', '2017-10-21', '150856904759eaefd7928662194', '', '', ''),
(203, '1143', '1152', '1', 'Shri Adavyya Swamy', 'Temple Pujari', '113', '', '', '', '2017-10-21', '150856918359eaf05f0520028441', '', '', ''),
(204, '1144', '1153', '1', 'Mr Shashikant I Sambargi', 'Dept Of Physiology (Techni)', '100', '', '', '', '2017-10-21', '150856922859eaf08c6384d7134', '', '', ''),
(205, '1145', '1154', '1', 'Shri Shekhar Arunachalmath', 'Ward Asst', '106', '', '', '', '2017-10-21', '150856928059eaf0c0c4aab12735', '', '', ''),
(206, '1146', '1155', '1', 'Shri M.B llkal', 'Lab Technician', '100', '', '', '', '2017-10-21', '150856933559eaf0f7359624236', '', '', ''),
(207, '1147', '1156', '1', 'Smt Balabai R Chougule', 'ICU Nursing', '106', '', '', '', '2017-10-21', '150856941159eaf143173296122', '', '', ''),
(208, '1148', '1157', '1', 'Shri C.B. Patil', 'FDC', '108', '', '', '', '2017-10-21', '150856943659eaf15c24c8410971', '', '', ''),
(209, '1149', '1158', '1', 'Shri Guru R Kajagar', 'Lab Technician', '106', '', '', '', '2017-10-21', '150856950059eaf19ceac4910616', '', '', ''),
(210, '1150', '1159', '1', 'Shri V.L. Bailappanavar', 'Peon', '108', '', '', '', '2017-10-21', '150856952559eaf1b5d6a8126705', '', '', ''),
(211, '1151', '1160', '1', 'Shri Sadanad G Pareet', 'Peon', '110', '', '', '', '2017-10-21', '150856955559eaf1d30a77518614', '', '', ''),
(212, '1152', '1161', '1', 'Shri B.M. Sansudi', 'Work Inspector', '110', '', '', '', '2017-10-21', '150856957959eaf1ebcb7ed6583', '', '', ''),
(213, '1153', '1162', '1', 'Shri Bahubali B Gouraj', 'Peon Guest House', '100', '', '', '', '2017-10-21', '150856961459eaf20e7ec6d25892', '', '', ''),
(214, '1154', '1163', '1', 'Shri Krishna Tarale', 'Engg Dept', '100', '', '', '', '2017-10-21', '150856964259eaf22ac0d8414477', '', '', ''),
(215, '1155', '1164', '1', 'Mrs Prema L Goudar', 'ANM Nurse', '110', '', '', '', '2017-10-21', '150856969059eaf25af063314914', '', '', ''),
(216, '1156', '1165', '1', 'Mrs Gopika Hosmani (Gopawwa S Kelaginmani) - 9964339619', 'ITU Nursing', '106', '', '', '', '2017-10-21', '150856975059eaf2967b27c6739', '', '', ''),
(217, '1157', '1166', '1', 'Mrs Raichal G Badiger', 'ANM Nurse', '110', '', '', '', '2017-10-21', '150856979859eaf2c620f1920617', '', '', ''),
(218, '1158', '1167', '1', 'Shri I.S Kanti', 'Peon Anatomy', '100', '', '', '', '2017-10-21', '150856984359eaf2f37d61714478', '', '', ''),
(219, '1159', '1168', '1', 'Shri Basavaraj C Suladal', 'Co-Operative Store', '100', '', '', '', '2017-10-21', '150856987259eaf3105b2352223', '', '', ''),
(220, '1160', '1169', '1', 'Shri Yadavndra Pujari', 'Harmonium Asscom', '109', '', '', '', '2017-10-21', '150857002459eaf3a8c662e27717', '', '', ''),
(221, '1161', '1170', '1', 'Smt Rehka N Sambrekar', 'Hostel', '113', '', '', '', '2017-10-21', '150857004859eaf3c0e1df420378', '', '', ''),
(222, '1162', '1171', '1', 'Shri Basawaraj G Munavalli', 'UMKC', '100', '', '', '', '2017-10-21', '150857007459eaf3dac14dc203', '', '', ''),
(223, '1163', '1172', '1', 'Mr Naganand B Kuri', 'Peon', '103', '', '', '', '2017-10-21', '150857009859eaf3f20863324744', '', '', ''),
(224, '1164', '1173', '1', 'Shri S.B. Doddamani', 'Peon', '102', '', '', '', '2017-10-21', '150857012359eaf40b1f3b61985', '', '', ''),
(225, '1165', '1174', '1', 'Shri Y.B. Patil', 'Driver', '108', '', '', '', '2017-10-21', '150857125959eaf87b0e2b719302', '', '', ''),
(226, '1166', '1175', '1', 'Shri Santosh Herikodi', 'Driver/Peon', '102', '', '', '', '2017-10-21', '150857132459eaf8bc6709a24231', '', '', ''),
(227, '1167', '1176', '1', 'Shri Somlig Yennagi', 'Ward Boy', '106', '', '', '', '2017-10-21', '150857135159eaf8d71f2d524404', '', '', ''),
(228, '1168', '1177', '1', 'Shri Neelawwa Tallur', 'Staff Nurses', '115', '', '', '', '2017-10-21', '150857138459eaf8f8740b124317', '', '', ''),
(229, '1169', '1178', '1', 'Shri S M Galabi (Kamat)', 'Peon', '110', '', '', '', '2017-10-21', '150857145659eaf9405c18614322', '', '', ''),
(230, '1170', '1179', '1', 'Smt D.B. Kamalapur', 'Peon', '100', '', '', '', '2017-10-21', '150857147859eaf9563142c15939', '', '', ''),
(231, '1171', '1180', '1', 'Shri Arjun B Tallur', 'Peon', '100', '', '', '', '2017-10-21', '150857150159eaf96d7c1cb7360', '', '', ''),
(232, '1172', '1181', '1', 'Shri Tukaram Hanagi', 'Carpenter Engg', '100', '', '', '', '2017-10-21', '150857154459eaf99851ceb28153', '', '', ''),
(233, '1173', '1182', '1', 'Shri R.S. Pavadigoudar', 'Ward Boy (ITU)', '106', '', '', '', '2017-10-21', '150857156959eaf9b13178f24894', '', '', ''),
(234, '1174', '1183', '1', 'Mr P.G Hundekar', 'Dept Of Engg (Valveman)', '100', '', '', '', '2017-10-21', '150857159459eaf9ca0b47d31647', '', '', ''),
(235, '1175', '1184', '1', 'Shri Irrapa Wali', 'Peon', '110', '', '', '', '2017-10-21', '150857161759eaf9e1ef7c017644', '', '', ''),
(236, '1176', '1185', '1', 'Smt Sarika Ranjoy', 'Receptionist', '102', '', '', '', '2017-10-21', '150857164959eafa01048bd28853', '', '', ''),
(237, '1177', '1186', '1', 'Shri Fakirappa R Yargoppa', 'Driver', '102', '', '', '', '2017-10-21', '150857167459eafa1a0db8321322', '', '', ''),
(238, '1178', '1187', '1', 'Mr Nagaraj M Kondaguri', 'SDC Dept Of Medical Edu', '100', '', '', '', '2017-10-21', '150857170959eafa3d01eb412987', '', '', ''),
(239, '1179', '1188', '1', 'Smt Jayshree Maradi', 'Lab Technician', '110', '', '', '', '2017-10-21', '150857173859eafa5a8b45417368', '', '', ''),
(240, '1180', '1189', '1', 'Shri Mahantesh B Angadi', 'SDC', '110', '', '', '', '2017-10-21', '150857176759eafa77301cc25393', '', '', ''),
(241, '1181', '1190', '1', 'Shri Shivaling G Mungarwadi', 'Peon Surgery', '100', '', '', '', '2017-10-21', '150857181359eafaa5e4cba23062', '', '', ''),
(242, '1182', '1191', '1', 'Miss Sharadha Ravikumar', 'Prct Nurses', '110', '', '', '', '2017-10-21', '150857187159eafadf450d6365', '', '', ''),
(243, '1183', '1192', '1', 'Shri B.M Patil', 'Peon', '110', '', '', '', '2017-10-21', '150857189559eafaf7151c1418', '', '', ''),
(244, '1184', '1193', '1', 'Mr Sachin B Ranadive', 'SDC', '115', '', '', '', '2017-10-21', '150857193659eafb20ed97715923', '', '', ''),
(245, '1185', '1194', '1', 'Shri Mahantesh Killari', 'Peon', '100', '', '', '', '2017-10-21', '150857202559eafb79a354418281', '', '', ''),
(246, '1186', '1195', '1', 'Shri M.B. Naganur', 'Peon library', '100', '', '', '', '2017-10-21', '150857205559eafb970e51d5614', '', '', ''),
(247, '1187', '1196', '1', 'Shri Raju D Shidanurle', 'Medicine', '100', '', '', '', '2017-10-21', '150857208359eafbb3777332703', '', '', ''),
(248, '1188', '1197', '1', 'Shri M.D. Angadi', '', '100', '', '', '', '2017-10-21', '150857209859eafbc2a052516668', '', '', ''),
(249, '1189', '1198', '1', 'Shri Manjeet Shing M Kadam', 'Driver', '106', '', '', '', '2017-10-21', '150857214259eafbeee226528965', '', '', ''),
(250, '1190', '1199', '1', 'Shri V.B Hongal', 'Supervisor', '106', '', '', '', '2017-10-21', '150857224159eafc5107d1c16555', '', '', ''),
(251, '1191', '1200', '1', 'Shri Mahantesh B Vannur', 'Peon', '102', '', '', '', '2017-10-21', '150857226659eafc6a672df21256', '', '', ''),
(252, '1192', '1201', '1', 'Shri Shankar B Sollapure', 'Peon', '110', '', '', '', '2017-10-21', '150857229159eafc83b3fc331393', '', '', ''),
(253, '1193', '1202', '1', 'Shri Rajashree M Hunashyal', 'Engg Dept', '113', '', '', '', '2017-10-21', '150857232559eafca529fb629894', '', '', ''),
(254, '1194', '1203', '1', 'Shri C.B Hurkadli', 'Lift Operator', '106', '', '', '', '2017-10-21', '150857252859eafd702ae0515495', '', '', ''),
(255, '1195', '1204', '1', 'Shri Sanjay V Sambayamath', 'Pathalogy', '100', '', '', '', '2017-10-21', '150857807259eb1318d22cd8157', '', '', ''),
(256, '1196', '1205', '1', 'Shri Kempanna B Chougala (new)', 'Dept Of Community Medicine', '100', '', '', '', '2017-10-21', '150857812059eb13483e8905970', '', '', ''),
(257, '1197', '1206', '1', 'Shri Veena Jayakar (Parashram Koti)', 'MRA', '106', '', '', '', '2017-10-21', '150857816259eb1372326356691', '', '', ''),
(258, '1198', '1207', '1', 'Mr R.G Rawal', 'Electrical Engg Dept', '113', '', '', '', '2017-10-21', '150857818959eb138db9eed31520', '', '', ''),
(259, '1199', '1208', '1', 'Mrs Nanda Kamble', 'Peon', '100', '', '', '', '2017-10-21', '150857821359eb13a5e7c0623769', '', '', ''),
(260, '1200', '1209', '1', 'Shri G.S Pavadigoudar', 'Lift Operator', '106', '', '', '', '2017-10-21', '150857825259eb13cc220de22174', '', '', ''),
(261, '1201', '1210', '1', 'Shri N.B Pujari', 'Ward Boy', '106', '', '', '', '2017-10-21', '150857827759eb13e5d00be13695', '', '', ''),
(262, '1202', '1211', '1', 'Shri Asayya Devidda Inturi', 'Engg Dept', '100', '', '', '', '2017-10-21', '150857830559eb1401832fb10572', '', '', ''),
(263, '1203', '1212', '1', 'Shri S.S Itagi', '', '106', '', '', '', '2017-10-21', '150857832959eb14191e84a28053', '', '', ''),
(264, '1204', '1213', '1 Room', 'Shri Ramu B Hagidal', 'Ward Boy', '106', '', '', '', '2017-10-21', '150857835659eb1434a091d16042', '', '', ''),
(265, '1205', '1214', '1 Room', 'Shri Suvarna S Halki', 'Peon', '102', '', '', '', '2017-10-21', '150857837859eb144a4ed2810907', '', '', ''),
(266, '1206', '1215', '1 Room', 'Shri Bhaubali B Gouraj', 'Peon Guest House', '100', '', '', '', '2017-10-21', '150857840659eb1466e292c3640', '', '', ''),
(267, '1207', '1216', '1 Room', 'Shri Suresh H Hegade', 'Sweeper H', '113', '', '', '', '2017-10-21', '150857844159eb148924cfc19985', '', '', ''),
(268, '1208', '1218', '1 Room', 'Shri Mahadev Upparat', '', '110', '', '', '', '2017-10-21', '150857846159eb149d341bc7030', '', '', ''),
(269, '1209', '1219', '1 Room', 'Mr Hanumant Talawar', 'Peon', '110', '', '', '', '2017-10-21', '150857849859eb14c22d71921879', '', '', ''),
(270, '1210', '1220', '1 Room', 'Shri Laxman Madiwal', '', '110', '', '', '', '2017-10-21', '150857851659eb14d44102c21988', '', '', ''),
(271, '1211', '1221', '1 Room', 'Shri G.V Ghali', '', '110', '', '', '', '2017-10-21', '150857854059eb14ecd387d14925', '', '', ''),
(272, '1212', '1222', '', 'Mr M.S Rainaikar', '', '108', '', '', '', '2017-10-21', '150857857259eb150cc588830978', '', '', ''),
(273, '1213', '1223', '', 'Mr Sangappa V Dhaded', 'Peon', '112', '', '', '', '2017-10-21', '150857860959eb1531ca78d21011', '', '', ''),
(274, '1214', '1224', '', 'Shri V G Ronad', '', '100', '', '', '', '2017-10-21', '150857865959eb15632663c11849', '', '', ''),
(275, '1215', '1225', '', 'Shri M.S Shiragavi', '', '100', '', '', '', '2017-10-21', '150857868259eb157a9004a9038', '', '', ''),
(276, '1216', '1226', '', 'Shri Deepa Tigadolli', 'SDC', '100', '', '', '', '2017-10-21', '150857870359eb158f4e23d31855', '', '', ''),
(277, '1217', '1227', '1 Room', 'Smt Mahadevi B Naganur', 'Peon', '102', '', '', '', '2017-10-21', '150857872659eb15a6d81f232124', '', '', ''),
(278, '1218', '1217', '1 Room', 'Mahesh', 'Pediatrics', '100', '', '', '', '2017-10-21', '150858254659eb2492a751a29895', '', 'vacate', '2017-11-01'),
(279, '1219', '1005', '3', 'Sufiyan', 'Pediatrics', '100', 'January', '2017', '2017-10-03', '2017-10-24', '150883907359ef0ea1a41fe2630', '778', '', '');

-- --------------------------------------------------------

--
-- Table structure for table `reference`
--

CREATE TABLE `reference` (
  `id` int(11) NOT NULL,
  `status` varchar(25) NOT NULL
) ENGINE=InnoDB DEFAULT CHARSET=latin1;

--
-- Dumping data for table `reference`
--

INSERT INTO `reference` (`id`, `status`) VALUES
(1000, 'used'),
(1001, 'used'),
(1002, 'used'),
(1003, 'used'),
(1004, 'used'),
(1005, 'used'),
(1006, 'used'),
(1007, 'used'),
(1008, 'used'),
(1009, 'used'),
(1010, 'used'),
(1011, 'used'),
(1012, 'used'),
(1013, 'used'),
(1014, 'used'),
(1015, 'used'),
(1016, 'used'),
(1017, 'used'),
(1018, 'used'),
(1019, 'used'),
(1020, 'used'),
(1021, 'used'),
(1022, 'used'),
(1023, 'used'),
(1024, 'used'),
(1025, 'used'),
(1026, 'used'),
(1027, 'used'),
(1028, 'used'),
(1029, 'used'),
(1030, 'used'),
(1031, 'used'),
(1032, 'used'),
(1033, 'used'),
(1034, 'used'),
(1035, 'used'),
(1036, 'used'),
(1037, 'used'),
(1038, 'used'),
(1039, 'used'),
(1040, 'used'),
(1041, 'used'),
(1042, 'used'),
(1043, 'used'),
(1044, 'used'),
(1045, 'used'),
(1046, 'used'),
(1047, 'used'),
(1048, 'used'),
(1049, 'used'),
(1050, 'used'),
(1051, 'used'),
(1052, 'used'),
(1053, 'used'),
(1054, 'used'),
(1055, 'used'),
(1056, 'used'),
(1057, 'used'),
(1058, 'used'),
(1059, 'used'),
(1060, 'used'),
(1061, 'used'),
(1062, 'used'),
(1063, 'used'),
(1064, 'used'),
(1065, 'used'),
(1066, 'used'),
(1067, 'used'),
(1068, 'used'),
(1069, 'used'),
(1070, 'used'),
(1071, 'used'),
(1072, 'used'),
(1073, 'used'),
(1074, 'used'),
(1075, 'used'),
(1076, 'used'),
(1077, 'used'),
(1078, 'used'),
(1079, 'used'),
(1080, 'used'),
(1081, 'used'),
(1082, 'used'),
(1083, 'used'),
(1084, 'used'),
(1085, 'used'),
(1086, 'used'),
(1087, 'used'),
(1088, 'used'),
(1089, 'used'),
(1090, 'used'),
(1091, 'used'),
(1092, 'used'),
(1093, 'used'),
(1094, 'used'),
(1095, 'used'),
(1096, 'used'),
(1097, 'used'),
(1098, 'used'),
(1099, 'used'),
(1100, 'used'),
(1101, 'used'),
(1102, 'used'),
(1103, 'used'),
(1104, 'used'),
(1105, 'used'),
(1106, 'used'),
(1107, 'used'),
(1108, 'used'),
(1109, 'used'),
(1110, 'used'),
(1111, 'used'),
(1112, 'used'),
(1113, 'used'),
(1114, 'used'),
(1115, 'used'),
(1116, 'used'),
(1117, 'used'),
(1118, 'used'),
(1119, 'used'),
(1120, 'used'),
(1121, 'used'),
(1122, 'used'),
(1123, 'used'),
(1124, 'used'),
(1125, 'used'),
(1126, 'used'),
(1127, 'used'),
(1128, 'used'),
(1129, 'used'),
(1130, 'used'),
(1131, 'used'),
(1132, 'used'),
(1133, 'used'),
(1134, 'used'),
(1135, 'used'),
(1136, 'used'),
(1137, 'used'),
(1138, 'used'),
(1139, 'used'),
(1140, 'used'),
(1141, ''),
(1142, 'used'),
(1143, 'used'),
(1144, 'used'),
(1145, 'used'),
(1146, 'used'),
(1147, 'used'),
(1148, 'used'),
(1149, 'used'),
(1150, 'used'),
(1151, '');

-- --------------------------------------------------------

--
-- Table structure for table `registration`
--

CREATE TABLE `registration` (
  `id` int(11) NOT NULL,
  `refno` varchar(100) NOT NULL,
  `challanno` varchar(100) NOT NULL,
  `name` varchar(100) NOT NULL,
  `particulars` varchar(100) NOT NULL,
  `particulars_name` varchar(100) NOT NULL,
  `mobile` varchar(15) NOT NULL,
  `from1` varchar(15) NOT NULL,
  `to1` varchar(15) NOT NULL,
  `quarters_rent` varchar(50) NOT NULL,
  `elect_charges` varchar(50) NOT NULL,
  `water_charges` varchar(50) NOT NULL,
  `maint` varchar(50) NOT NULL,
  `fine` varchar(50) NOT NULL,
  `mess_rent` varchar(50) NOT NULL,
  `shop_rent` varchar(50) NOT NULL,
  `service_tax` varchar(50) NOT NULL,
  `deposit` varchar(50) NOT NULL,
  `miscellaneous` varchar(50) NOT NULL,
  `total` varchar(100) NOT NULL,
  `remarks` text NOT NULL,
  `dd_no` varchar(25) NOT NULL,
  `dd_date` varchar(15) NOT NULL,
  `dd_place` varchar(100) NOT NULL,
  `adate` varchar(15) NOT NULL,
  `abdate` varchar(15) NOT NULL,
  `payment` varchar(20) NOT NULL,
  `payment_date` varchar(15) NOT NULL
) ENGINE=InnoDB DEFAULT CHARSET=latin1;

--
-- Dumping data for table `registration`
--

INSERT INTO `registration` (`id`, `refno`, `challanno`, `name`, `particulars`, `particulars_name`, `mobile`, `from1`, `to1`, `quarters_rent`, `elect_charges`, `water_charges`, `maint`, `fine`, `mess_rent`, `shop_rent`, `service_tax`, `deposit`, `miscellaneous`, `total`, `remarks`, `dd_no`, `dd_date`, `dd_place`, `adate`, `abdate`, `payment`, `payment_date`) VALUES
(4, '1054', '3939', 'COLLEGE OF PHARMACY', '1014', '1014', '0', '01-07-2017', '31-07-2017', '61383', '0', '0', '1320', '0', '0', '0', '0', '0', '0', '62703', '', '603875', '07-08-2017', 'SYNDICATE BANK', '2017-08-09', '09-08-2017', '', ''),
(5, '1055', '3940', 'ADAVAYYA SWAMY', '1019', 'KLES DR PKH & MRC', '', '01-07-2017', '31-12-2017', '600', '0', '0', '300', '0', '0', '0', '0', '0', '0', '900', '', '', '', '', '2017-08-09', '09-08-2017', '', ''),
(6, '1056', '3941', ' MAHADEVI B NAGANUR ', '', '', '', '01-07-2017', '31-07-2017', '100', '0', '0', '0', '0', '0', '0', '0', '0', '0', '100', 'QUARTERS NO L-03', '', '', '', '2017-08-10', '10-08-2017', '', ''),
(7, '1057', '3942', ' DENTAL SCIENCES ', '1018', '1018', '0831', '01-07-2017', '31-07-2017', '111889', '0', '0', '4564', '0', '0', '0', '0', '0', '0', '116453', '', '589769', '07-08-2017', 'SYNDICATE BANK', '2017-08-13', '13-08-2017', '', ''),
(8, '1058', '3943', 'AKKAMAHADEVI MESS', '', '', '', '01-07-2017', '31-07-2017', '0', '9058', '1000', '0', '0', '10000', '0', '1800', '0', '0', '21858', '', '', '', '', '2017-08-14', '14-08-2017', '', ''),
(9, '1059', '3944', 'INST OF PHYSIOTHERAPY', '', '', '247427', '01-07-2017', '31-07-2017', '25947', '0', '0', '625', '0', '0', '0', '0', '0', '0', '26572', '', '610930', '08-08-2017', 'SYNDICATE BANK', '2017-08-14', '14-08-2017', '', ''),
(10, '1060', '3945', 'J N MEDICAL COLLEGE', '', '', '2471350', '01-07-2017', '31-07-2017', '384094', '0', '0', '0', '0', '0', '0', '0', '0', '0', '384094', '', '610636', '10-08-2017', 'SYNDICATE BANK', '2017-08-14', '14-08-2017', '', ''),
(11, '1061', '3946', 'J N MEDICAL COLLEGE', '1013', 'JNMC Medical College', '2471350', '01-04-2015', '31-03-2016', '76082', '0', '0', '0', '0', '0', '0', '0', '0', '0', '76082', 'Professional Tax List Academic  allowance for the year 2015-2016\r\n', '610642', '10-08-2017', 'SYNDICATE BANK', '2017-08-14', '14-08-2017', '', ''),
(12, '1062', '3947', 'KLE S  DR, P K H & M R C ', '1019', 'KLES DR PKH & MRC', '0831', '01-07-2017', '31-07-2017', '96806', '0', '0', '5974', '0', '0', '0', '0', '0', '0', '102780', '', '098055,098056', '08-08-2017', 'CANARA BANK', '2017-08-14', '14-08-2017', '', ''),
(13, '1063', '3948', 'KLE UNIVERSITY ', '', '', '2444444', '01-07-2017', '31-07-2017', '30152', '0', '0', '1325', '0', '0', '0', '0', '0', '0', '31477', 'S B A/C- NO217-39-CURRENT A/C NO-104-24\r\nTransfer by BZRCMS A/C NO-23/2098( DT-04.08.2017)\r\n', '', '', '', '2017-08-14', '14-08-2017', '', ''),
(14, '1064', '3949', 'SUVARNA S. HALAKI QTRE -E/2', '1022', 'Suvarna S Halaki-QTR E/2', '8747091896', '01-07-2017', '31-07-2017', '450', '0', '0', '50', '0', '0', '0', '0', '0', '0', '500', '', '', '', '', '2017-08-14', '14-08-2017', '', ''),
(15, '1065', '3950', 'KARNATAKA MESS', '1005', 'Karnatak Boys Hostel Mess', '', '01-04-2017', '30-04-2017', '0', '2564', '1000', '0', '300', '10000', '0', '1500', '0', '0', '15364', '', '', '', '', '2017-08-16', '16-08-2017', '', ''),
(16, '1066', '3951', 'Ranichannamma Mess', '1007', '1007', '9448597959', '01-07-2017', '31-07-2017', '0', '6952', '600', '0', '0', '4500', '0', '810', '0', '0', '12862', '', '607985', '16-08-2017', 'SYNDICATE BANK', '2017-08-16', '16-08-2017', '', ''),
(17, '1067', '3952', 'NEELAMBIKA MESS', '1008', 'Neelambika Hostel Mess', '9448597959', '01-07-2017', '31-07-2017', '0', '3920', '600', '0', '0', '4500', '0', '810', '0', '0', '9830', '', '604528', '16-08-2017', 'SYNDICATE BANK', '2017-08-16', '16-08-2017', '', ''),
(18, '1068', '3953', 'GANGAMBIKA MESS', '1009', 'Gangambika Ladies Hostel Mess', '7899999226', '01-07-2017', '31-07-2017', '0', '4319', '1000', '0', '0', '10000', '0', '1800', '0', '0', '17119', '', '', '', '', '2017-08-17', '17-08-2017', 'paid', '2017-09-15'),
(19, '1069', '3954', 'FAST FOOD', '1035', 'Ladies Hostel Fast Food', '9620837981', '01-07-2017', '31-07-2017', '0', '3334', '0', '0', '0', '0', '4000', '720', '0', '0', '8054', '', '', '', '', '2017-08-17', '17-08-2017', 'paid', '2017-09-15'),
(20, '1070', '3955', 'BEAUTY PARLOR', '1032', 'Ladies Beauty Parlor', '9663144492', '01-07-2017', '31-07-2017', '0', '517', '0', '0', '0', '0', '5750', '1035', '0', '0', '7302', '', '', '', '', '2017-08-17', '17-08-2017', '', ''),
(21, '1071', '3956', 'LAUNDRY (LH) RC', '1034', 'Ladies Hostel Laundry', '9663144492', '01-07-2017', '31-07-2017', '0', '585', '0', '0', '0', '0', '1975', '356', '0', '0', '2916', '', '', '', '', '2017-08-17', '17-08-2017', '', ''),
(22, '1072', '3957', 'BOUTIQUE SHOP', '1033', 'Botique Shop', '9916508455', '01-07-2017', '31-07-2017', '0', '88', '0', '0', '0', '0', '2000', '360', '0', '0', '2448', '', '', '', '', '2017-08-18', '18-08-2017', '', ''),
(23, '1073', '3958', 'COFFEE CORNER', '1026', 'Coffee Corner', '9980389199', '01-07-2017', '31-07-2017', '0', '3054', '0', '0', '0', '0', '3500', '630', '0', '0', '7184', '', '', '', '', '2017-08-21', '21-08-2017', '', ''),
(24, '1074', '3959', 'CHARITABLE HOSPITAL', '1017', 'KLE Charitable Hospital', '', '01-07-2017', '31-07-2017', '14777', '0', '725', '0', '0', '0', '0', '0', '0', '0', '15502', '', '703550', '12-08-2017', 'CANARA BANK', '2017-08-24', '24-08-2017', '', ''),
(25, '1075', '3960', 'CHANAKYA LAUNDRY', '1036', 'Chanakya Boys Hostel Laundry', '9986010075', '01-06-2017', '31-07-2017', '0', '302', '0', '0', '420', '0', '10000', '1650', '0', '0', '12372', '', '', '', '', '2017-08-26', '26-08-2017', '', ''),
(26, '1076', '3961', 'GENERAL STORES', '', '', '9844029794', '01-07-2017', '31-07-2017', '0', '0', '0', '0', '0', '0', '1500', '270', '0', '0', '1770', '', '', '', '', '2017-09-04', '04-09-2017', 'paid', '2017-09-13'),
(27, '1077', '3962', 'SANGAM  MESS', '1006', 'Sangam Boys Hostel Mess', '9845888777', '01-07-2017', '31-07-2017', '0', '5090', '1000', '0', '0', '10000', '0', '1800', '0', '0', '17890', '', '', '', '', '2017-09-04', '04-09-2017', 'paid', '2017-09-12'),
(28, '1078', '3963', 'MENS PARLOR', '1028', 'Mens Parlor', '', '01-08-2017', '31-08-2017', '0', '0', '0', '0', '0', '0', '1300', '234', '0', '0', '1534', '', '', '', '', '2017-09-06', '06-09-2017', 'paid', '2017-09-08'),
(29, '1079', '3964', 'BOOK STALL', '1027', 'Book Stall', '', '01-08-2017', '31-08-2017', '0', '0', '0', '0', '0', '0', '7500', '1350', '0', '0', '8850', '', '', '', '', '2017-09-06', '06-09-2017', 'paid', '2017-09-08'),
(30, '1080', '3965', 'SWAMY BAKERY', '1029', 'Swamy Bakery', '9844139515', '01-08-2017', '31-08-2017', '0', '792', '0', '0', '0', '0', '5500', '990', '0', '0', '7282', '', '', '', '', '2017-09-07', '07-09-2017', 'paid', '2017-09-07'),
(31, '1081', '3966', 'MILK PARLOUR', '1037', 'Milk Parlour', '9448258947', '01-08-2017', '31-08-2017', '0', '2925', '0', '0', '0', '0', '3000', '540', '0', '0', '6465', '', '', '', '', '2017-09-07', '07-09-2017', '', ''),
(32, '1082', '3967', 'Ranichannamma L H Mess', '1007', 'Ranichannamma Ladies Hostel Mess', '', '01-08-2017', '31-08-2017', '0', '6923', '600', '0', '0', '4500', '0', '810', '0', '0', '12833', '', '669808', '08-09-2017', 'SYNDICATE BANK', '2017-09-08', '08-09-2017', 'paid', '2017-09-13'),
(33, '1083', '3968', 'NEELAMBIKA LH  MESS', '1008', 'Neelambika Hostel Mess', '', '01-08-2017', '31-08-2017', '0', '3598', '600', '0', '0', '4500', '0', '810', '0', '0', '9508', '', '604544', '08-09-2017', 'SYNDICATE BANK', '2017-09-08', '08-09-2017', 'paid', '2017-09-13'),
(34, '1084', '3969', 'SUVARNA S. HALAKI-QTRE -E/2', '1022', 'Suvarna S Halaki-QTR E/2', '', '01-08-2017', '31-08-2017', '450', '0', '0', '50', '0', '0', '0', '0', '0', '0', '500', '', '', '', '', '2017-09-08', '08-09-2017', 'paid', '2017-09-11'),
(35, '1085', '3970', 'INST OF NURSUNG', '1020', 'Institute Of Nursing Sciences', '', '01-08-2017', '31-08-2017', '11870', '0', '0', '470', '0', '0', '0', '0', '0', '0', '12340', '', '669106', '07-09-2017', 'SYNDICATE BANK', '2017-09-08', '08-09-2017', 'paid', '2017-09-13'),
(36, '1086', '3971', 'INSTITUTE OF DENTAL SCIENCES BELAGAVI', '1018', 'KLE Vishwanath Katti Institute Of Dental Sciences', '08312470362', '01-08-2017', '31-08-2017', '97492', '0', '0', '4334', '0', '0', '0', '0', '0', '0', '101826', '', '589815', '09-09-2017', 'SYNDICATE BANK', '2017-09-11', '11-09-2017', 'paid', '2017-09-13'),
(37, '1087', '3972', 'CHARAKA MESS', '1003', 'Charaka Boys Hostel', '', '01-08-2017', '31-08-2017', '10000', '429', '1000', '0', '0', '0', '0', '1800', '0', '0', '13229', '', '', '', '', '2017-09-11', '11-09-2017', 'paid', '2017-09-11'),
(38, '1088', '3973', 'CHANAKYA  BH MESS G F', '1001', 'Chanakya Boys Hostel Mess (Ground Floor)', '8867129210', '01-08-2017', '31-08-2017', '0', '2350', '1000', '0', '0', '10000', '0', '1800', '0', '0', '15150', '', '', '', '', '2017-09-12', '12-09-2017', 'paid', '2017-09-13'),
(39, '1089', '3974', 'SANGAPPA DADED QTR-20', '1023', 'Sangappa V Dhaded 2DHARM Shalla QTRE NO-20', '', '01-08-2017', '31-08-2017', '365', '0', '0', '50', '0', '0', '0', '0', '0', '0', '415', '', '', '', '', '2017-09-12', '12-09-2017', 'paid', '2017-09-12'),
(40, '1090', '3975', 'COLLEGE O F PHARMACY', '1014', 'College Of Pharmacy', '', '01-08-2017', '31-08-2017', '60525', '0', '0', '1320', '0', '0', '0', '0', '0', '0', '61845', '', '609921', '09-09-2017', 'SYNDICATE BANK', '2017-09-13', '13-09-2017', 'paid', '2017-09-15'),
(41, '1091', '3976', 'AKKAMAHADEVI MESS', '1010', 'Akkamhadevi Ladies Hostel Mess', '', '01-08-2017', '31-08-2017', '10000', '8405', '1000', '0', '0', '0', '0', '1800', '0', '0', '21205', '', '', '', '', '2017-09-13', '13-09-2017', 'paid', '2017-09-13'),
(42, '1092', '3977', 'INST OF PHYSIOTHERAPY', '1015', 'Institute Of Physiotherapy', '08312474727', '01-08-2017', '31-08-2017', '25947', '0', '0', '625', '0', '0', '0', '0', '0', '0', '26572', '', '610983', '12-09-2017', 'SYNDICATE BANK', '2017-09-13', '13-09-2017', 'paid', '2017-09-16'),
(43, '1093', '3978', 'J N MEDICAL COLLEGE', '1013', 'JNMC Medical College', '08312471350', '01-08-2017', '31-08-2017', '396020', '0', '0', '0', '0', '0', '0', '0', '0', '0', '396020', '', '610672', '13-09-2017', 'SYNDICATE BANK', '2017-09-14', '14-09-2017', 'paid', '2017-09-18'),
(44, '1094', '3979', 'LAUNDRY (LH) RC', '1034', 'Ladies Hostel Laundry', '9663144492', '01-08-2017', '31-08-2017', '0', '556', '0', '0', '0', '0', '1975', '356', '0', '0', '2887', '', '', '', '', '2017-09-14', '14-09-2017', 'paid', '2017-09-18'),
(45, '1095', '3980', 'FAST FOOD', '1035', 'Ladies Hostel Fast Food', '9620837981', '01-08-2017', '31-08-2017', '0', '3120', '0', '0', '0', '0', '4000', '720', '0', '0', '7840', '', '', '', '', '2017-09-14', '14-09-2017', '', ''),
(46, '1096', '3981', 'GANGAMBIKA MESS', '1009', 'Gangambika Ladies Hostel Mess', '7899999226', '01-08-2017', '31-08-2017', '0', '3929', '1000', '0', '0', '10000', '0', '1800', '0', '0', '16729', '', '', '', '', '2017-09-14', '14-09-2017', '', ''),
(47, '1097', '3982', 'BEAUTY PARLOR', '1032', 'Ladies Beauty Parlor', '9663144492', '01-08-2017', '31-08-2017', '0', '497', '0', '0', '0', '0', '5750', '1035', '0', '0', '7282', '', '', '', '', '2017-09-14', '14-09-2017', 'paid', '2017-09-18'),
(48, '1098', '3983', 'BOUTIQUE SHOP', '1033', 'Botique Shop', '9916508455', '01-08-2017', '31-08-2017', '0', '98', '0', '0', '0', '0', '2000', '360', '0', '0', '2458', '', '', '', '', '2017-09-14', '14-09-2017', 'paid', '2017-09-18'),
(49, '1099', '3984', 'GENERAL STORES', '', '', '9844029794', '01-08-2017', '31-08-2017', '0', '0', '0', '0', '0', '0', '1500', '270', '0', '0', '1770', '', '', '', '', '2017-09-14', '14-09-2017', 'paid', '2017-09-18'),
(50, '1100', '3985', 'CHARITABLE HOSPITAL', '1017', 'KLE Charitable Hospital', '08312473777', '01-08-2017', '31-08-2017', '14648', '0', '0', '725', '0', '0', '0', '0', '0', '0', '15373', '', '703574', '13-09-2017', 'CANARA BANK', '2017-09-14', '14-09-2017', 'paid', '2017-09-18'),
(51, '1101', '3986', 'NRI HOSTEL MESS', '1004', 'NRI Hostel Mess', '9886662576', '01-07-2017', '31-07-2017', '0', '4281', '1000', '0', '310', '10000', '0', '1800', '0', '0', '17391', '', '', '', '', '2017-09-15', '15-09-2017', 'paid', '2017-09-18'),
(52, '1102', '3987', 'NRI HOSTEL MESS', '1004', 'NRI Hostel Mess', '9886662576', '01-08-2017', '31-08-2017', '0', '4553', '1000', '0', '690', '10000', '0', '1800', '0', '0', '18043', '', '', '', '', '2017-09-15', '15-09-2017', 'paid', '2017-09-18'),
(53, '1103', '3988', ' CAFÉ JNMC CANTEEN', '1030', '1030', '9964571977', '01-07-2017', '31-07-2017', '0', '26994', '0', '0', '0', '0', '20000', '3600', '0', '0', '50594', '', '609536', '15-09-2017', 'SYNDICATE BANK', '2017-09-15', '15-09-2017', 'paid', '2017-09-20'),
(54, '1104', '3989', ' CAFÉ JNMC CANTEEN', '1030', 'Cafe JNMC', '9964571977', '01-08-2017', '31-08-2017', '0', '27159', '0', '0', '690', '0', '20000', '3600', '0', '0', '51449', '', '609537', '16-09-2017', 'SYNDICATE BANK', '2017-09-15', '15-09-2017', 'paid', '20-09-2017'),
(55, '1105', '3990', 'CHANAKYA LAUNDRY', '1036', '1036', '9986010075', '01-06-2017', '31-08-2017', '0', '468', '0', '0', '880', '0', '15000', '2550', '0', '0', '18898', '', '', '', '', '2017-09-15', '15-09-2017', 'paid', '18-09-2017'),
(56, '1106', '3991', 'COFFEE CORNER', '1026', 'Coffee Corner', '9980389199', '01-08-2017', '31-08-2017', '0', '2442', '0', '0', '0', '0', '3500', '630', '0', '0', '6572', '', '', '', '', '2017-09-22', '22-09-2017', '', ''),
(57, '1107', '3992', 'CHANAKYA  BH MESS F F', '1002', 'Chanakya Boys Hostel Mess (First Floor)', '9886969391', '01-06-2017', '31-08-2017', '0', '11788', '3000', '0', '1450', '30000', '0', '5100', '0', '0', '51338', '', '', '', '', '2017-09-25', '25-09-2017', '', ''),
(58, '1108', '3993', 'KARNATAKA BH MESS', '1005', 'Karnatak Boys Hostel Mess', '8495940203', '01-05-2017', '30-06-2017', '0', '4953', '2000', '0', '610', '20000', '0', '3000', '0', '0', '30563', '', '', '', '', '2017-09-26', '26-09-2017', '', ''),
(59, '1109', '3994', 'KLE S  DR, P K H & M R C  QTRS B-8', '1019', 'KLES DR PKH & MRC', '', '01-07-2017', '31-07-2017', '3650', '0', '0', '0', '0', '0', '0', '0', '0', '0', '3650', '', '098069', '09-08-2017', 'CANARA BANK', '2017-09-26', '26-09-2017', '', ''),
(60, '1110', '3995', 'KLE S  DR, P K H & M R C  QTRS B-8', '1019', 'KLES DR PKH & MRC', '', '01-08-2017', '31-08-2017', '3650', '0', '0', '0', '0', '0', '0', '0', '0', '0', '3650', '', '704289', '10-09-2017', 'CANARA BANK', '2017-09-26', '26-09-2017', '', ''),
(61, '1111', '3996', 'KLE S  DR, P K H & M R C ', '1019', 'KLES DR PKH & MRC', '', '01-08-2017', '31-08-2017', '100389', '0', '0', '5304', '0', '0', '0', '0', '0', '0', '105693', '', '098589,098590', '08-09-2017', 'CANARA BANK', '2017-09-26', '26-09-2017', '', ''),
(62, '1112', '3997', 'CHANAKYA  BH MESS F F', '1002', '1002', '9845888777', '01-09-2017', '30-09-2017', '0', '0', '0', '0', '0', '2000', '0', '360', '0', '0', '2360', '', '', '', '', '2017-09-27', '27-09-2017', '', ''),
(63, '1113', '3998', 'MAHADEVI B NAGANUR ( L3)', '1025', 'Mahadevi B Naganur (L3)', '', '01-08-2017', '31-08-2017', '100', '0', '0', '0', '0', '0', '0', '0', '0', '0', '100', '', '', '', '', '2017-09-27', '27-09-2017', '', ''),
(64, '1114', '3999', 'KLE UNIVERSITY ', '1042', 'KLE UNIVERSITY ', '08312444444', '01-08-2017', '31-08-2017', '33305', '0', '0', '1325', '0', '0', '0', '0', '0', '0', '34630', '', '', '', '', '2017-10-03', '03-10-2017', 'paid', '12-09-2017'),
(65, '1115', '4000', 'SANGAPPA DHADES', '1023', 'Sangappa V Dhaded 2DHARM Shalla QTRE NO-20', '', '01-09-2017', '30-09-2017', '365', '0', '0', '50', '0', '0', '0', '0', '0', '0', '415', '', '', '', '', '2017-10-04', '04-10-2017', '', ''),
(66, '1116', '4001', 'MENS PARLOR', '1028', 'Mens Parlor', '9886232266', '01-09-2017', '30-09-2017', '0', '0', '0', '0', '0', '0', '1300', '234', '0', '0', '1534', '', '', '', '', '2017-10-05', '05-10-2017', '', ''),
(67, '1117', '4002', 'BOOK STALL', '1027', 'Book Stall', '9845048497', '01-09-2017', '30-09-2017', '0', '0', '0', '0', '0', '0', '7500', '1350', '0', '0', '8850', '', '', '', '', '2017-10-05', '05-10-2017', '', ''),
(68, '1118', '4003', 'Amit Kumar Qtrs No A 11/5', '1043', 'Amit kumar A11/05', '9810489790', '01-09-2017', '31-12-2017', '16000', '0', '0', '0', '0', '0', '0', '0', '0', '0', '16000', '', '', '', '', '2017-10-06', '06-10-2017', '', ''),
(69, '1119', '4004', 'SWAMY BAKERY', '1029', 'Swamy Bakery', '9844139515', '01-09-2017', '30-09-2017', '0', '891', '0', '0', '0', '0', '5500', '990', '0', '0', '7381', '', '', '', '', '2017-10-09', '09-10-2017', '', ''),
(70, '1120', '4005', 'KLE UNIVERSITY ', '1042', 'KLE UNIVERSITY ', '08312444444', '01-09-2017', '30-09-2017', '32858', '0', '0', '1325', '0', '0', '0', '0', '0', '0', '34183', '', '', '', '', '2017-10-09', '09-10-2017', '', ''),
(71, '1121', '4006', 'INST OF NURSUNG', '1020', 'Institute Of Nursing Sciences', '', '01-09-2017', '30-09-2017', '10920', '0', '0', '470', '0', '0', '0', '0', '0', '0', '11390', '', '669127', '03-10-2017', 'SYNDICATE BANK', '2017-10-09', '09-10-2017', '', ''),
(72, '1122', '4007', 'COLLEGE O F PHARMACY', '1014', 'College Of Pharmacy', '', '01-09-2017', '30-09-2017', '60971', '0', '0', '1320', '0', '0', '0', '0', '0', '0', '62291', '', '609972', '03-10-2017', 'SYNDICATE BANK', '2017-10-09', '09-10-2017', '', ''),
(73, '1123', '4008', 'AKKAMAHADEVI MESS', '1010', 'Akkamhadevi Ladies Hostel Mess', '9686826741', '01-09-2017', '30-09-2017', '0', '6153', '1000', '0', '0', '10000', '0', '1800', '0', '0', '18953', '', '', '', '', '2017-10-10', '10-10-2017', '', ''),
(74, '1124', '4009', 'SUVARNA S. HALAKI QTRE -E/2', '1022', 'Suvarna S Halaki-QTR E/2', '', '01-09-2017', '30-09-2017', '450', '0', '0', '50', '0', '0', '0', '0', '0', '0', '500', '', '', '', '', '2017-10-10', '10-10-2017', '', ''),
(75, '1125', '4010', 'GANGAMBIKA MESS', '1009', 'Gangambika Ladies Hostel Mess', '7899999226', '01-09-2017', '30-09-2017', '0', '3754', '1000', '0', '105', '10000', '0', '1800', '0', '0', '16659', '', '', '', '', '2017-10-11', '11-10-2017', '', ''),
(76, '1126', '4011', 'FAST FOOD', '1035', 'Ladies Hostel Fast Food', '9620837981', '01-09-2017', '30-09-2017', '0', '3179', '0', '0', '105', '0', '4000', '720', '0', '0', '8004', '', '', '', '', '2017-10-11', '11-10-2017', '', ''),
(77, '1127', '4012', 'LAUNDRY (LH) RC', '1034', 'Ladies Hostel Laundry', '9663144492', '01-09-2017', '30-09-2017', '0', '585', '0', '0', '0', '0', '1975', '356', '0', '0', '2916', '', '', '', '', '2017-10-11', '11-10-2017', '', ''),
(78, '1128', '4013', 'BEAUTY PARLOR', '1032', 'Ladies Beauty Parlor', '9663144492', '01-09-2017', '30-09-2017', '0', '722', '0', '0', '0', '0', '5750', '1035', '0', '0', '7507', '', '', '', '', '2017-10-11', '11-10-2017', '', ''),
(79, '1129', '4014', 'BOUTIQUE SHOP', '1033', 'Botique Shop', '9916508455', '01-09-2017', '30-09-2017', '0', '215', '0', '0', '0', '0', '2000', '360', '0', '0', '2575', '', '', '', '', '2017-10-11', '11-10-2017', '', ''),
(80, '1130', '4015', 'CHARAKA MESS', '1003', 'Charaka Boys Hostel', '9448597956', '01-09-2017', '30-09-2017', '0', '4641', '1000', '0', '0', '10000', '0', '1800', '0', '0', '17441', '', '', '', '', '2017-10-11', '11-10-2017', '', ''),
(81, '1131', '4016', 'MILK PARLOUR', '1037', 'Milk Parlour', '', '01-09-2017', '30-09-2017', '3000', '6211', '0', '0', '0', '0', '0', '540', '0', '0', '9751', '', '', '', '', '2017-10-13', '13-10-2017', '', ''),
(82, '1132', '4017', 'Ranichannamma LH Mess', '1007', 'Ranichannamma Ladies Hostel Mess', '', '01-09-2017', '30-09-2017', '0', '10998', '600', '0', '0', '4500', '0', '810', '0', '0', '16908', '', '669833', '13-10-2017', 'syndicate Bank', '2017-10-14', '14-10-2017', '', ''),
(83, '1133', '4018', 'INST OF PHYSIOTHERAPY', '1015', '1015', '08312474727', '01-09-2017', '30-09-2017', '25947', '0', '0', '625', '0', '0', '0', '0', '0', '0', '26572', '', '670612', '12-09-2017', 'syndicate Bank', '2017-10-14', '14-10-2017', '', ''),
(84, '1134', '4019', 'INST OF DENTAL SCIENCES', '1018', 'KLE Vishwanath Katti Institute Of Dental Sciences', '08312470362', '01-09-2017', '30-09-2017', '97917', '0', '0', '4389', '0', '0', '0', '0', '0', '0', '102306', '', '589861', '09-10-2017', 'syndicate Bank', '2017-10-14', '14-10-2017', '', ''),
(85, '1135', '4020', 'NEELAMBIKA LH MESS', '1008', 'Neelambika Hostel Mess', '', '01-09-2017', '30-09-2017', '0', '3393', '600', '0', '0', '4500', '0', '810', '0', '0', '9303', '', '604567', '11-10-2017', 'syndicate Bank', '2017-10-16', '16-10-2017', '', ''),
(86, '1136', '4021', 'GURUNATH R PHADI QTRS A-13/14', '1044', 'GURUNATH R PHADI QTRS  A-13/14', '9845567050', '01-08-2017', '30-09-2017', '3742', '0', '0', '200', '0', '0', '0', '0', '0', '0', '3942', '', '176358', '16-10-2017', 'POST OFFICE', '2017-10-16', '16-10-2017', '', ''),
(87, '1137', '4022', 'K L E CHARITABLE HOSPITAL', '1017', 'KLE Charitable Hospital', '08312473777', '01-09-2017', '30-09-2017', '14648', '0', '0', '725', '0', '0', '0', '0', '0', '0', '15373', '', '703581', '14-10-2017', 'CANARA BANK', '2017-10-16', '16-10-2017', '', ''),
(88, '1138', '4023', 'GENERAL STORES', '1041', 'GENERAL STORES', '', '01-09-2017', '30-09-2017', '1500', '0', '0', '0', '0', '0', '0', '270', '0', '0', '1770', '', '', '', '', '2017-10-17', '17-10-2017', '', ''),
(89, '1139', '4024', 'COFFEE CORNER', '1026', 'Coffee Corner', '9980389199', '01-09-2017', '30-09-2017', '0', '2728', '0', '0', '0', '0', '3500', '630', '0', '0', '6858', '', '', '', '', '2017-10-24', '24-10-2017', '', ''),
(90, '1140', '4025', ' CAFÉ JNMC CANTEEN', '1030', 'Cafe JNMC', '', '01-09-2017', '30-09-2017', '0', '29854', '0', '0', '0', '0', '20000', '3600', '0', '0', '53454', '', '609543', '24-10-2017', 'syndicate Bank', '2017-10-24', '24-10-2017', '', ''),
(91, '', '', '', '', '', '', '', '', '', '', '', '', '', '', '', '', '', '', '', '', '', '', '', '2017-10-24', '24-10-2017', '', ''),
(93, '1143', '4028', 'NEW PG LADIES HOSTEL MESS', '1045', 'NEW PG LADIES HOSTEL MESS', '', '24-10-2017', '24-10-2017', '0', '0', '0', '0', '0', '0', '0', '0', '50000', '0', '50000', '', '', '', '', '2017-10-24', '24-10-2017', '', ''),
(94, '1144', '4029', 'CHANAKYA B H MESS G F', '1001', 'Chanakya Boys Hostel Mess (Ground Floor)', '8867129210', '01-09-2017', '30-09-2017', '0', '1940', '1000', '0', '0', '10000', '0', '1800', '0', '0', '14740', '', '', '', '', '2017-10-24', '24-10-2017', '', ''),
(95, '1145', '4030', 'KLE S  DR, P K H & M R C ', '1019', 'KLES DR PKH & MRC', '', '01-09-2017', '30-09-2017', '99405', '0', '0', '0', '0', '0', '0', '0', '0', '0', '99405', '', '704631', '08-10-2017', 'CANARA BANK', '2017-10-25', '25-10-2017', '', ''),
(96, '1146', '4031', 'MAHADEVI B NAGANUR', '1025', 'Mahadevi B Naganur (L3)', '', '01-09-2017', '30-09-2017', '100', '0', '0', '0', '0', '0', '0', '0', '0', '0', '100', '', '', '', '', '2017-10-25', '25-10-2017', '', ''),
(97, '1147', '4032', 'KLE S  DR, P K H & M R C QTRS B-08', '1019', 'KLES DR PKH & MRC', '', '01-09-2017', '30-09-2017', '3650', '0', '0', '0', '0', '0', '0', '0', '0', '0', '3650', '', '704621', '08-10-2017', 'CANARA BANK', '2017-10-30', '30-10-2017', '', ''),
(98, '1148', '4033', ' J N MEDICAL COLLEGE', '1013', 'JNMC Medical College', '08312471350', '01-09-2017', '30-09-2017', '398753', '0', '0', '0', '0', '0', '0', '0', '0', '0', '398753', '', '804007', '14-10-2017', 'syndicate Bank', '2017-10-30', '30-10-2017', '', ''),
(99, '1149', '4034', 'MILK PARLOUR', '1037', 'Milk Parlour', '9448258947', '2017-07-01', '2017-10-31', '0', '4154', '0', '0', '0', '0', '3000', '540', '0', '0', '7694', '', '', '', '', '2017-11-07', '07-11-2017', '', ''),
(100, '1150', '4035', 'KARNATAKA BH MESS', '1005', 'Karnatak Boys Hostel Mess', '9980384292', '2017-07-01', '2017-08-31', '0', '7234', '2000', '0', '930', '20000', '0', '3600', '0', '0', '33764', '', '', '', '', '2017-11-07', '07-11-2017', '', '');

-- --------------------------------------------------------

--
-- Table structure for table `shift`
--

CREATE TABLE `shift` (
  `id` int(11) NOT NULL,
  `old_quarter` varchar(20) NOT NULL,
  `old_bed` varchar(10) NOT NULL,
  `new_quarter` varchar(20) NOT NULL,
  `new_bed` varchar(10) NOT NULL,
  `refno` varchar(50) NOT NULL,
  `staff_name` varchar(75) NOT NULL,
  `institue` varchar(100) NOT NULL,
  `dep` varchar(20) NOT NULL,
  `shifting_date` varchar(15) NOT NULL,
  `reg_date` varchar(15) NOT NULL,
  `challanno` varchar(50) NOT NULL
) ENGINE=InnoDB DEFAULT CHARSET=latin1;

-- --------------------------------------------------------

--
-- Table structure for table `update_qtr`
--

CREATE TABLE `update_qtr` (
  `id` int(11) NOT NULL,
  `name` varchar(100) NOT NULL,
  `refno` varchar(50) NOT NULL,
  `payment_date` varchar(15) NOT NULL,
  `month` varchar(15) NOT NULL,
  `year` varchar(15) NOT NULL,
  `reg_date` varchar(15) NOT NULL,
  `quarter_code` varchar(20) NOT NULL,
  `amount` varchar(50) NOT NULL,
  `status` varchar(15) NOT NULL,
  `vacate_date` varchar(15) NOT NULL,
  `institute` varchar(50) NOT NULL
) ENGINE=InnoDB DEFAULT CHARSET=latin1;

--
-- Dumping data for table `update_qtr`
--

INSERT INTO `update_qtr` (`id`, `name`, `refno`, `payment_date`, `month`, `year`, `reg_date`, `quarter_code`, `amount`, `status`, `vacate_date`, `institute`) VALUES
(18, 'DR V.D Patil', '150849790159e9d9ede2d421878', '2017-01-01', 'January', '2017', '2017-10-24', '1000', '500', '', '', '100'),
(19, 'DR B. G. Desai', '150849799859e9da4e27ab91651', '2017-10-01', 'January', '2017', '2017-10-24', '1001', '800', '', '', '101'),
(20, 'Dr. K. Ravishankar Naik', '150849805059e9da8227bb131024', '2017-10-02', 'January', '2017', '2017-10-24', '1002', '500', '', '', '100'),
(21, 'Guest House', '150849809059e9daaa19c6b11054', '2017-10-10', 'February', '2017', '2017-10-24', '1003', '780', '', '', ''),
(22, 'Dr M.S Sangolli', '150849812659e9dace742d930812', '2017-10-10', 'February', '2017', '2017-10-24', '1004', '7575', '', '', '100'),
(23, 'Sufiyan', '150883907359ef0ea1a41fe2630', '2017-10-03', 'January', '2017', '2017-10-24', '1005', '778', '', '', '100'),
(24, 'DR V.D Patil', '150849790159e9d9ede2d421878', '2017-10-03', 'February', '2017', '2017-10-24', '1000', '232323', '', '', '100'),
(25, 'DR V.D Patil', '150849790159e9d9ede2d421878', '2017-11-01', 'November', '2017', '2017-11-07', '1000', '500', '', '', '100');

--
-- Indexes for dumped tables
--

--
-- Indexes for table `add_bed`
--
ALTER TABLE `add_bed`
  ADD PRIMARY KEY (`id`);

--
-- Indexes for table `add_dep`
--
ALTER TABLE `add_dep`
  ADD PRIMARY KEY (`id`);

--
-- Indexes for table `add_inst`
--
ALTER TABLE `add_inst`
  ADD PRIMARY KEY (`id`);

--
-- Indexes for table `add_particulars`
--
ALTER TABLE `add_particulars`
  ADD PRIMARY KEY (`id`);

--
-- Indexes for table `add_quarter`
--
ALTER TABLE `add_quarter`
  ADD PRIMARY KEY (`id`);

--
-- Indexes for table `admin`
--
ALTER TABLE `admin`
  ADD PRIMARY KEY (`id`);

--
-- Indexes for table `allregistration`
--
ALTER TABLE `allregistration`
  ADD PRIMARY KEY (`id`);

--
-- Indexes for table `challan`
--
ALTER TABLE `challan`
  ADD PRIMARY KEY (`id`);

--
-- Indexes for table `company`
--
ALTER TABLE `company`
  ADD PRIMARY KEY (`id`);

--
-- Indexes for table `manage_qtr`
--
ALTER TABLE `manage_qtr`
  ADD PRIMARY KEY (`id`);

--
-- Indexes for table `particular_code`
--
ALTER TABLE `particular_code`
  ADD PRIMARY KEY (`id`);

--
-- Indexes for table `quarters_reg`
--
ALTER TABLE `quarters_reg`
  ADD PRIMARY KEY (`id`);

--
-- Indexes for table `reference`
--
ALTER TABLE `reference`
  ADD PRIMARY KEY (`id`);

--
-- Indexes for table `registration`
--
ALTER TABLE `registration`
  ADD PRIMARY KEY (`id`);

--
-- Indexes for table `shift`
--
ALTER TABLE `shift`
  ADD PRIMARY KEY (`id`);

--
-- Indexes for table `update_qtr`
--
ALTER TABLE `update_qtr`
  ADD PRIMARY KEY (`id`);

--
-- AUTO_INCREMENT for dumped tables
--

--
-- AUTO_INCREMENT for table `add_bed`
--
ALTER TABLE `add_bed`
  MODIFY `id` int(11) NOT NULL AUTO_INCREMENT, AUTO_INCREMENT=229;
--
-- AUTO_INCREMENT for table `add_dep`
--
ALTER TABLE `add_dep`
  MODIFY `id` int(11) NOT NULL AUTO_INCREMENT, AUTO_INCREMENT=17;
--
-- AUTO_INCREMENT for table `add_inst`
--
ALTER TABLE `add_inst`
  MODIFY `id` int(11) NOT NULL AUTO_INCREMENT, AUTO_INCREMENT=128;
--
-- AUTO_INCREMENT for table `add_particulars`
--
ALTER TABLE `add_particulars`
  MODIFY `id` int(11) NOT NULL AUTO_INCREMENT, AUTO_INCREMENT=43;
--
-- AUTO_INCREMENT for table `add_quarter`
--
ALTER TABLE `add_quarter`
  MODIFY `id` int(11) NOT NULL AUTO_INCREMENT, AUTO_INCREMENT=229;
--
-- AUTO_INCREMENT for table `admin`
--
ALTER TABLE `admin`
  MODIFY `id` int(11) NOT NULL AUTO_INCREMENT, AUTO_INCREMENT=12;
--
-- AUTO_INCREMENT for table `allregistration`
--
ALTER TABLE `allregistration`
  MODIFY `id` int(11) NOT NULL AUTO_INCREMENT, AUTO_INCREMENT=101;
--
-- AUTO_INCREMENT for table `challan`
--
ALTER TABLE `challan`
  MODIFY `id` int(11) NOT NULL AUTO_INCREMENT, AUTO_INCREMENT=4037;
--
-- AUTO_INCREMENT for table `company`
--
ALTER TABLE `company`
  MODIFY `id` int(11) NOT NULL AUTO_INCREMENT, AUTO_INCREMENT=2;
--
-- AUTO_INCREMENT for table `manage_qtr`
--
ALTER TABLE `manage_qtr`
  MODIFY `id` int(11) NOT NULL AUTO_INCREMENT, AUTO_INCREMENT=272;
--
-- AUTO_INCREMENT for table `particular_code`
--
ALTER TABLE `particular_code`
  MODIFY `id` int(11) NOT NULL AUTO_INCREMENT, AUTO_INCREMENT=1047;
--
-- AUTO_INCREMENT for table `quarters_reg`
--
ALTER TABLE `quarters_reg`
  MODIFY `id` int(11) NOT NULL AUTO_INCREMENT, AUTO_INCREMENT=280;
--
-- AUTO_INCREMENT for table `reference`
--
ALTER TABLE `reference`
  MODIFY `id` int(11) NOT NULL AUTO_INCREMENT, AUTO_INCREMENT=1152;
--
-- AUTO_INCREMENT for table `registration`
--
ALTER TABLE `registration`
  MODIFY `id` int(11) NOT NULL AUTO_INCREMENT, AUTO_INCREMENT=101;
--
-- AUTO_INCREMENT for table `shift`
--
ALTER TABLE `shift`
  MODIFY `id` int(11) NOT NULL AUTO_INCREMENT;
--
-- AUTO_INCREMENT for table `update_qtr`
--
ALTER TABLE `update_qtr`
  MODIFY `id` int(11) NOT NULL AUTO_INCREMENT, AUTO_INCREMENT=26;
/*!40101 SET CHARACTER_SET_CLIENT=@OLD_CHARACTER_SET_CLIENT */;
/*!40101 SET CHARACTER_SET_RESULTS=@OLD_CHARACTER_SET_RESULTS */;
/*!40101 SET COLLATION_CONNECTION=@OLD_COLLATION_CONNECTION */;
